wafer_id,timestamp,chamber,recipe,fault_type,label
WF0001,2026-03-02 06:05:00,CH-A,OX_ETCH_A,GAS_LEAK,1
WF0002,2026-03-02 06:28:00,CH-B,OX_ETCH_B,NORMAL,0
WF0003,2026-03-02 06:49:00,CH-C,OX_ETCH_A,NORMAL,0
WF0004,2026-03-02 07:13:00,CH-A,OX_ETCH_B,NORMAL,0
WF0005,2026-03-02 07:33:00,CH-B,OX_ETCH_A,NORMAL,0
WF0006,2026-03-02 08:01:00,CH-C,OX_ETCH_B,NORMAL,0
WF0007,2026-03-02 08:20:00,CH-A,OX_ETCH_A,NORMAL,0
WF0008,2026-03-02 08:42:00,CH-B,OX_ETCH_B,NORMAL,0
WF0009,2026-03-02 09:07:00,CH-C,OX_ETCH_A,NORMAL,0
WF0010,2026-03-02 09:31:00,CH-A,OX_ETCH_B,NORMAL,0
WF0011,2026-03-02 09:50:00,CH-B,OX_ETCH_A,NORMAL,0
WF0012,2026-03-02 10:15:00,CH-C,OX_ETCH_B,NORMAL,0
WF0013,2026-03-02 10:36:00,CH-A,OX_ETCH_A,GAS_LEAK,1
WF0014,2026-03-02 11:04:00,CH-B,OX_ETCH_B,NORMAL,0
WF0015,2026-03-02 11:26:00,CH-C,OX_ETCH_A,NORMAL,0
WF0016,2026-03-02 11:50:00,CH-A,OX_ETCH_B,NORMAL,0
WF0017,2026-03-02 12:08:00,CH-B,OX_ETCH_A,RF_UNSTABLE,1
WF0018,2026-03-02 12:33:00,CH-C,OX_ETCH_B,NORMAL,0
WF0019,2026-03-02 12:59:00,CH-A,OX_ETCH_A,NORMAL,0
WF0020,2026-03-02 13:20:00,CH-B,OX_ETCH_B,NORMAL,0
WF0021,2026-03-02 13:41:00,CH-C,OX_ETCH_A,NORMAL,0
WF0022,2026-03-02 14:04:00,CH-A,OX_ETCH_B,NORMAL,0
WF0023,2026-03-02 14:28:00,CH-B,OX_ETCH_A,NORMAL,0
WF0024,2026-03-02 14:51:00,CH-C,OX_ETCH_B,NORMAL,0
WF0025,2026-03-02 15:18:00,CH-A,OX_ETCH_A,NORMAL,0
WF0026,2026-03-02 15:41:00,CH-B,OX_ETCH_B,PRESSURE_DRIFT,1
WF0027,2026-03-02 15:58:00,CH-C,OX_ETCH_A,NORMAL,0
WF0028,2026-03-02 16:24:00,CH-A,OX_ETCH_B,NORMAL,0
WF0029,2026-03-02 16:44:00,CH-B,OX_ETCH_A,NORMAL,0
WF0030,2026-03-02 17:12:00,CH-C,OX_ETCH_B,NORMAL,0
WF0031,2026-03-02 17:33:00,CH-A,OX_ETCH_A,RF_UNSTABLE,1
WF0032,2026-03-02 17:53:00,CH-B,OX_ETCH_B,NORMAL,0
WF0033,2026-03-02 18:22:00,CH-C,OX_ETCH_A,RF_UNSTABLE,1
WF0034,2026-03-02 18:45:00,CH-A,OX_ETCH_B,NORMAL,0
WF0035,2026-03-02 19:02:00,CH-B,OX_ETCH_A,NORMAL,0
WF0036,2026-03-02 19:27:00,CH-C,OX_ETCH_B,NORMAL,0
WF0037,2026-03-02 19:53:00,CH-A,OX_ETCH_A,NORMAL,0
WF0038,2026-03-02 20:13:00,CH-B,OX_ETCH_B,NORMAL,0
WF0039,2026-03-02 20:34:00,CH-C,OX_ETCH_A,NORMAL,0
WF0040,2026-03-02 21:03:00,CH-A,OX_ETCH_B,NORMAL,0
WF0041,2026-03-02 21:21:00,CH-B,OX_ETCH_A,NORMAL,0
WF0042,2026-03-02 21:46:00,CH-C,OX_ETCH_B,NORMAL,0
WF0043,2026-03-02 22:06:00,CH-A,OX_ETCH_A,NORMAL,0
WF0044,2026-03-02 22:32:00,CH-B,OX_ETCH_B,NORMAL,0
WF0045,2026-03-02 22:54:00,CH-C,OX_ETCH_A,NORMAL,0
WF0046,2026-03-02 23:21:00,CH-A,OX_ETCH_B,NORMAL,0
WF0047,2026-03-02 23:42:00,CH-B,OX_ETCH_A,NORMAL,0
WF0048,2026-03-03 00:07:00,CH-C,OX_ETCH_B,NORMAL,0
WF0049,2026-03-03 00:30:00,CH-A,OX_ETCH_A,GAS_LEAK,1
WF0050,2026-03-03 00:51:00,CH-B,OX_ETCH_B,PRESSURE_DRIFT,1
WF0051,2026-03-03 01:12:00,CH-C,OX_ETCH_A,NORMAL,0
WF0052,2026-03-03 01:34:00,CH-A,OX_ETCH_B,NORMAL,0
WF0053,2026-03-03 01:56:00,CH-B,OX_ETCH_A,NORMAL,0
WF0054,2026-03-03 02:22:00,CH-C,OX_ETCH_B,NORMAL,0
WF0055,2026-03-03 02:47:00,CH-A,OX_ETCH_A,RF_UNSTABLE,1
WF0056,2026-03-03 03:10:00,CH-B,OX_ETCH_B,NORMAL,0
WF0057,2026-03-03 03:34:00,CH-C,OX_ETCH_A,NORMAL,0
WF0058,2026-03-03 03:54:00,CH-A,OX_ETCH_B,NORMAL,0
WF0059,2026-03-03 04:16:00,CH-B,OX_ETCH_A,NORMAL,0
WF0060,2026-03-03 04:37:00,CH-C,OX_ETCH_B,NORMAL,0
WF0061,2026-03-03 05:01:00,CH-A,OX_ETCH_A,NORMAL,0
WF0062,2026-03-03 05:29:00,CH-B,OX_ETCH_B,NORMAL,0
WF0063,2026-03-03 05:52:00,CH-C,OX_ETCH_A,NORMAL,0
WF0064,2026-03-03 06:13:00,CH-A,OX_ETCH_B,NORMAL,0
WF0065,2026-03-03 06:32:00,CH-B,OX_ETCH_A,PRESSURE_DRIFT,1
WF0066,2026-03-03 07:00:00,CH-C,OX_ETCH_B,NORMAL,0
WF0067,2026-03-03 07:18:00,CH-A,OX_ETCH_A,NORMAL,0
WF0068,2026-03-03 07:42:00,CH-B,OX_ETCH_B,RF_UNSTABLE,1
WF0069,2026-03-03 08:09:00,CH-C,OX_ETCH_A,NORMAL,0
WF0070,2026-03-03 08:33:00,CH-A,OX_ETCH_B,NORMAL,0
WF0071,2026-03-03 08:53:00,CH-B,OX_ETCH_A,NORMAL,0
WF0072,2026-03-03 09:18:00,CH-C,OX_ETCH_B,NORMAL,0
WF0073,2026-03-03 09:36:00,CH-A,OX_ETCH_A,NORMAL,0
WF0074,2026-03-03 10:05:00,CH-B,OX_ETCH_B,NORMAL,0
WF0075,2026-03-03 10:24:00,CH-C,OX_ETCH_A,NORMAL,0
WF0076,2026-03-03 10:51:00,CH-A,OX_ETCH_B,NORMAL,0
WF0077,2026-03-03 11:12:00,CH-B,OX_ETCH_A,NORMAL,0
WF0078,2026-03-03 11:36:00,CH-C,OX_ETCH_B,RF_UNSTABLE,1
WF0079,2026-03-03 11:56:00,CH-A,OX_ETCH_A,NORMAL,0
WF0080,2026-03-03 12:22:00,CH-B,OX_ETCH_B,NORMAL,0
WF0081,2026-03-03 12:45:00,CH-C,OX_ETCH_A,NORMAL,0
WF0082,2026-03-03 13:05:00,CH-A,OX_ETCH_B,NORMAL,0
WF0083,2026-03-03 13:31:00,CH-B,OX_ETCH_A,RF_UNSTABLE,1
WF0084,2026-03-03 13:52:00,CH-C,OX_ETCH_B,NORMAL,0
WF0085,2026-03-03 14:17:00,CH-A,OX_ETCH_A,NORMAL,0
WF0086,2026-03-03 14:40:00,CH-B,OX_ETCH_B,NORMAL,0
WF0087,2026-03-03 15:02:00,CH-C,OX_ETCH_A,NORMAL,0
WF0088,2026-03-03 15:24:00,CH-A,OX_ETCH_B,NORMAL,0
WF0089,2026-03-03 15:49:00,CH-B,OX_ETCH_A,NORMAL,0
WF0090,2026-03-03 16:12:00,CH-C,OX_ETCH_B,NORMAL,0
WF0091,2026-03-03 16:30:00,CH-A,OX_ETCH_A,GAS_LEAK,1
WF0092,2026-03-03 16:59:00,CH-B,OX_ETCH_B,NORMAL,0
WF0093,2026-03-03 17:22:00,CH-C,OX_ETCH_A,NORMAL,0
WF0094,2026-03-03 17:43:00,CH-A,OX_ETCH_B,NORMAL,0
WF0095,2026-03-03 18:05:00,CH-B,OX_ETCH_A,NORMAL,0
WF0096,2026-03-03 18:31:00,CH-C,OX_ETCH_B,NORMAL,0
WF0097,2026-03-03 18:49:00,CH-A,OX_ETCH_A,NORMAL,0
WF0098,2026-03-03 19:11:00,CH-B,OX_ETCH_B,NORMAL,0
WF0099,2026-03-03 19:34:00,CH-C,OX_ETCH_A,NORMAL,0
WF0100,2026-03-03 20:01:00,CH-A,OX_ETCH_B,RF_UNSTABLE,1
WF0101,2026-03-03 20:24:00,CH-B,OX_ETCH_A,RF_UNSTABLE,1
WF0102,2026-03-03 20:46:00,CH-C,OX_ETCH_B,NORMAL,0
WF0103,2026-03-03 21:07:00,CH-A,OX_ETCH_A,NORMAL,0
WF0104,2026-03-03 21:34:00,CH-B,OX_ETCH_B,NORMAL,0
WF0105,2026-03-03 21:54:00,CH-C,OX_ETCH_A,NORMAL,0
WF0106,2026-03-03 22:18:00,CH-A,OX_ETCH_B,NORMAL,0
WF0107,2026-03-03 22:39:00,CH-B,OX_ETCH_A,NORMAL,0
WF0108,2026-03-03 23:01:00,CH-C,OX_ETCH_B,NORMAL,0
WF0109,2026-03-03 23:28:00,CH-A,OX_ETCH_A,NORMAL,0
WF0110,2026-03-03 23:52:00,CH-B,OX_ETCH_B,PRESSURE_DRIFT,1
WF0111,2026-03-04 00:14:00,CH-C,OX_ETCH_A,NORMAL,0
WF0112,2026-03-04 00:33:00,CH-A,OX_ETCH_B,NORMAL,0
WF0113,2026-03-04 01:02:00,CH-B,OX_ETCH_A,NORMAL,0
WF0114,2026-03-04 01:19:00,CH-C,OX_ETCH_B,GAS_LEAK,1
WF0115,2026-03-04 01:48:00,CH-A,OX_ETCH_A,NORMAL,0
WF0116,2026-03-04 02:08:00,CH-B,OX_ETCH_B,NORMAL,0
WF0117,2026-03-04 02:28:00,CH-C,OX_ETCH_A,NORMAL,0
WF0118,2026-03-04 02:56:00,CH-A,OX_ETCH_B,NORMAL,0
WF0119,2026-03-04 03:16:00,CH-B,OX_ETCH_A,GAS_LEAK,1
WF0120,2026-03-04 03:42:00,CH-C,OX_ETCH_B,NORMAL,0
WF0121,2026-03-04 04:00:00,CH-A,OX_ETCH_A,RF_UNSTABLE,1
WF0122,2026-03-04 04:28:00,CH-B,OX_ETCH_B,NORMAL,0
WF0123,2026-03-04 04:52:00,CH-C,OX_ETCH_A,NORMAL,0
WF0124,2026-03-04 05:09:00,CH-A,OX_ETCH_B,NORMAL,0
WF0125,2026-03-04 05:35:00,CH-B,OX_ETCH_A,NORMAL,0
WF0126,2026-03-04 05:58:00,CH-C,OX_ETCH_B,PRESSURE_DRIFT,1
WF0127,2026-03-04 06:23:00,CH-A,OX_ETCH_A,NORMAL,0
WF0128,2026-03-04 06:42:00,CH-B,OX_ETCH_B,GAS_LEAK,1
WF0129,2026-03-04 07:04:00,CH-C,OX_ETCH_A,NORMAL,0
WF0130,2026-03-04 07:30:00,CH-A,OX_ETCH_B,RF_UNSTABLE,1
WF0131,2026-03-04 07:51:00,CH-B,OX_ETCH_A,NORMAL,0
WF0132,2026-03-04 08:19:00,CH-C,OX_ETCH_B,NORMAL,0
WF0133,2026-03-04 08:36:00,CH-A,OX_ETCH_A,PRESSURE_DRIFT,1
WF0134,2026-03-04 08:59:00,CH-B,OX_ETCH_B,GAS_LEAK,1
WF0135,2026-03-04 09:28:00,CH-C,OX_ETCH_A,PRESSURE_DRIFT,1
WF0136,2026-03-04 09:45:00,CH-A,OX_ETCH_B,NORMAL,0
WF0137,2026-03-04 10:11:00,CH-B,OX_ETCH_A,NORMAL,0
WF0138,2026-03-04 10:36:00,CH-C,OX_ETCH_B,NORMAL,0
WF0139,2026-03-04 10:57:00,CH-A,OX_ETCH_A,NORMAL,0
WF0140,2026-03-04 11:19:00,CH-B,OX_ETCH_B,NORMAL,0
WF0141,2026-03-04 11:41:00,CH-C,OX_ETCH_A,NORMAL,0
WF0142,2026-03-04 12:04:00,CH-A,OX_ETCH_B,NORMAL,0
WF0143,2026-03-04 12:30:00,CH-B,OX_ETCH_A,GAS_LEAK,1
WF0144,2026-03-04 12:53:00,CH-C,OX_ETCH_B,NORMAL,0
WF0145,2026-03-04 13:17:00,CH-A,OX_ETCH_A,NORMAL,0
WF0146,2026-03-04 13:35:00,CH-B,OX_ETCH_B,NORMAL,0
WF0147,2026-03-04 14:01:00,CH-C,OX_ETCH_A,NORMAL,0
WF0148,2026-03-04 14:25:00,CH-A,OX_ETCH_B,NORMAL,0
WF0149,2026-03-04 14:44:00,CH-B,OX_ETCH_A,NORMAL,0
WF0150,2026-03-04 15:09:00,CH-C,OX_ETCH_B,NORMAL,0
WF0151,2026-03-04 15:34:00,CH-A,OX_ETCH_A,NORMAL,0
WF0152,2026-03-04 15:56:00,CH-B,OX_ETCH_B,NORMAL,0
WF0153,2026-03-04 16:22:00,CH-C,OX_ETCH_A,GAS_LEAK,1
WF0154,2026-03-04 16:45:00,CH-A,OX_ETCH_B,NORMAL,0
WF0155,2026-03-04 17:04:00,CH-B,OX_ETCH_A,NORMAL,0
WF0156,2026-03-04 17:31:00,CH-C,OX_ETCH_B,NORMAL,0
WF0157,2026-03-04 17:49:00,CH-A,OX_ETCH_A,NORMAL,0
WF0158,2026-03-04 18:16:00,CH-B,OX_ETCH_B,RF_UNSTABLE,1
WF0159,2026-03-04 18:40:00,CH-C,OX_ETCH_A,NORMAL,0
WF0160,2026-03-04 18:59:00,CH-A,OX_ETCH_B,PRESSURE_DRIFT,1
WF0161,2026-03-04 19:21:00,CH-B,OX_ETCH_A,NORMAL,0
WF0162,2026-03-04 19:44:00,CH-C,OX_ETCH_B,NORMAL,0
WF0163,2026-03-04 20:11:00,CH-A,OX_ETCH_A,NORMAL,0
WF0164,2026-03-04 20:33:00,CH-B,OX_ETCH_B,PRESSURE_DRIFT,1
WF0165,2026-03-04 20:53:00,CH-C,OX_ETCH_A,NORMAL,0
WF0166,2026-03-04 21:20:00,CH-A,OX_ETCH_B,NORMAL,0
WF0167,2026-03-04 21:39:00,CH-B,OX_ETCH_A,NORMAL,0
WF0168,2026-03-04 22:06:00,CH-C,OX_ETCH_B,NORMAL,0
WF0169,2026-03-04 22:29:00,CH-A,OX_ETCH_A,NORMAL,0
WF0170,2026-03-04 22:47:00,CH-B,OX_ETCH_B,NORMAL,0
WF0171,2026-03-04 23:15:00,CH-C,OX_ETCH_A,NORMAL,0
WF0172,2026-03-04 23:36:00,CH-A,OX_ETCH_B,PRESSURE_DRIFT,1
WF0173,2026-03-04 23:57:00,CH-B,OX_ETCH_A,NORMAL,0
WF0174,2026-03-05 00:25:00,CH-C,OX_ETCH_B,NORMAL,0
WF0175,2026-03-05 00:43:00,CH-A,OX_ETCH_A,NORMAL,0
WF0176,2026-03-05 01:09:00,CH-B,OX_ETCH_B,NORMAL,0
WF0177,2026-03-05 01:28:00,CH-C,OX_ETCH_A,NORMAL,0
WF0178,2026-03-05 01:51:00,CH-A,OX_ETCH_B,RF_UNSTABLE,1
WF0179,2026-03-05 02:15:00,CH-B,OX_ETCH_A,NORMAL,0
WF0180,2026-03-05 02:41:00,CH-C,OX_ETCH_B,PRESSURE_DRIFT,1
WF0181,2026-03-05 03:06:00,CH-A,OX_ETCH_A,PRESSURE_DRIFT,1
WF0182,2026-03-05 03:29:00,CH-B,OX_ETCH_B,NORMAL,0
WF0183,2026-03-05 03:47:00,CH-C,OX_ETCH_A,NORMAL,0
WF0184,2026-03-05 04:09:00,CH-A,OX_ETCH_B,NORMAL,0
WF0185,2026-03-05 04:32:00,CH-B,OX_ETCH_A,RF_UNSTABLE,1
WF0186,2026-03-05 04:58:00,CH-C,OX_ETCH_B,NORMAL,0
WF0187,2026-03-05 05:23:00,CH-A,OX_ETCH_A,NORMAL,0
WF0188,2026-03-05 05:45:00,CH-B,OX_ETCH_B,NORMAL,0
WF0189,2026-03-05 06:06:00,CH-C,OX_ETCH_A,NORMAL,0
WF0190,2026-03-05 06:30:00,CH-A,OX_ETCH_B,GAS_LEAK,1
WF0191,2026-03-05 06:51:00,CH-B,OX_ETCH_A,NORMAL,0
WF0192,2026-03-05 07:17:00,CH-C,OX_ETCH_B,NORMAL,0
WF0193,2026-03-05 07:39:00,CH-A,OX_ETCH_A,NORMAL,0
WF0194,2026-03-05 08:03:00,CH-B,OX_ETCH_B,PRESSURE_DRIFT,1
WF0195,2026-03-05 08:24:00,CH-C,OX_ETCH_A,RF_UNSTABLE,1
WF0196,2026-03-05 08:46:00,CH-A,OX_ETCH_B,NORMAL,0
WF0197,2026-03-05 09:14:00,CH-B,OX_ETCH_A,NORMAL,0
WF0198,2026-03-05 09:33:00,CH-C,OX_ETCH_B,NORMAL,0
WF0199,2026-03-05 09:59:00,CH-A,OX_ETCH_A,GAS_LEAK,1
WF0200,2026-03-05 10:23:00,CH-B,OX_ETCH_B,NORMAL,0
WF0201,2026-03-05 10:44:00,CH-C,OX_ETCH_A,NORMAL,0
WF0202,2026-03-05 11:08:00,CH-A,OX_ETCH_B,NORMAL,0
WF0203,2026-03-05 11:29:00,CH-B,OX_ETCH_A,NORMAL,0
WF0204,2026-03-05 11:49:00,CH-C,OX_ETCH_B,RF_UNSTABLE,1
WF0205,2026-03-05 12:16:00,CH-A,OX_ETCH_A,NORMAL,0
WF0206,2026-03-05 12:39:00,CH-B,OX_ETCH_B,NORMAL,0
WF0207,2026-03-05 13:04:00,CH-C,OX_ETCH_A,RF_UNSTABLE,1
WF0208,2026-03-05 13:24:00,CH-A,OX_ETCH_B,NORMAL,0
WF0209,2026-03-05 13:46:00,CH-B,OX_ETCH_A,PRESSURE_DRIFT,1
WF0210,2026-03-05 14:11:00,CH-C,OX_ETCH_B,NORMAL,0
WF0211,2026-03-05 14:31:00,CH-A,OX_ETCH_A,NORMAL,0
WF0212,2026-03-05 14:57:00,CH-B,OX_ETCH_B,NORMAL,0
WF0213,2026-03-05 15:16:00,CH-C,OX_ETCH_A,RF_UNSTABLE,1
WF0214,2026-03-05 15:44:00,CH-A,OX_ETCH_B,NORMAL,0
WF0215,2026-03-05 16:08:00,CH-B,OX_ETCH_A,GAS_LEAK,1
WF0216,2026-03-05 16:28:00,CH-C,OX_ETCH_B,NORMAL,0
WF0217,2026-03-05 16:51:00,CH-A,OX_ETCH_A,NORMAL,0
WF0218,2026-03-05 17:17:00,CH-B,OX_ETCH_B,NORMAL,0
WF0219,2026-03-05 17:38:00,CH-C,OX_ETCH_A,NORMAL,0
WF0220,2026-03-05 18:03:00,CH-A,OX_ETCH_B,PRESSURE_DRIFT,1
WF0221,2026-03-05 18:25:00,CH-B,OX_ETCH_A,NORMAL,0
WF0222,2026-03-05 18:43:00,CH-C,OX_ETCH_B,NORMAL,0
WF0223,2026-03-05 19:10:00,CH-A,OX_ETCH_A,GAS_LEAK,1
WF0224,2026-03-05 19:34:00,CH-B,OX_ETCH_B,NORMAL,0
WF0225,2026-03-05 19:57:00,CH-C,OX_ETCH_A,NORMAL,0
WF0226,2026-03-05 20:21:00,CH-A,OX_ETCH_B,NORMAL,0
WF0227,2026-03-05 20:44:00,CH-B,OX_ETCH_A,NORMAL,0
WF0228,2026-03-05 21:07:00,CH-C,OX_ETCH_B,RF_UNSTABLE,1
WF0229,2026-03-05 21:29:00,CH-A,OX_ETCH_A,NORMAL,0
WF0230,2026-03-05 21:52:00,CH-B,OX_ETCH_B,NORMAL,0
WF0231,2026-03-05 22:10:00,CH-C,OX_ETCH_A,NORMAL,0
WF0232,2026-03-05 22:39:00,CH-A,OX_ETCH_B,PRESSURE_DRIFT,1
WF0233,2026-03-05 23:01:00,CH-B,OX_ETCH_A,NORMAL,0
WF0234,2026-03-05 23:25:00,CH-C,OX_ETCH_B,NORMAL,0
WF0235,2026-03-05 23:42:00,CH-A,OX_ETCH_A,NORMAL,0
WF0236,2026-03-06 00:08:00,CH-B,OX_ETCH_B,NORMAL,0
WF0237,2026-03-06 00:31:00,CH-C,OX_ETCH_A,NORMAL,0
WF0238,2026-03-06 00:52:00,CH-A,OX_ETCH_B,NORMAL,0
WF0239,2026-03-06 01:14:00,CH-B,OX_ETCH_A,RF_UNSTABLE,1
WF0240,2026-03-06 01:43:00,CH-C,OX_ETCH_B,RF_UNSTABLE,1
WF0241,2026-03-06 02:01:00,CH-A,OX_ETCH_A,NORMAL,0
WF0242,2026-03-06 02:29:00,CH-B,OX_ETCH_B,PRESSURE_DRIFT,1
WF0243,2026-03-06 02:47:00,CH-C,OX_ETCH_A,PRESSURE_DRIFT,1
WF0244,2026-03-06 03:14:00,CH-A,OX_ETCH_B,GAS_LEAK,1
WF0245,2026-03-06 03:37:00,CH-B,OX_ETCH_A,NORMAL,0
WF0246,2026-03-06 03:59:00,CH-C,OX_ETCH_B,NORMAL,0
WF0247,2026-03-06 04:20:00,CH-A,OX_ETCH_A,NORMAL,0
WF0248,2026-03-06 04:44:00,CH-B,OX_ETCH_B,NORMAL,0
WF0249,2026-03-06 05:09:00,CH-C,OX_ETCH_A,NORMAL,0
WF0250,2026-03-06 05:27:00,CH-A,OX_ETCH_B,NORMAL,0
WF0251,2026-03-06 05:50:00,CH-B,OX_ETCH_A,NORMAL,0
WF0252,2026-03-06 06:18:00,CH-C,OX_ETCH_B,NORMAL,0
WF0253,2026-03-06 06:36:00,CH-A,OX_ETCH_A,GAS_LEAK,1
WF0254,2026-03-06 07:02:00,CH-B,OX_ETCH_B,NORMAL,0
WF0255,2026-03-06 07:23:00,CH-C,OX_ETCH_A,NORMAL,0
WF0256,2026-03-06 07:51:00,CH-A,OX_ETCH_B,NORMAL,0
WF0257,2026-03-06 08:10:00,CH-B,OX_ETCH_A,PRESSURE_DRIFT,1
WF0258,2026-03-06 08:31:00,CH-C,OX_ETCH_B,NORMAL,0
WF0259,2026-03-06 08:59:00,CH-A,OX_ETCH_A,NORMAL,0
WF0260,2026-03-06 09:22:00,CH-B,OX_ETCH_B,NORMAL,0
WF0261,2026-03-06 09:44:00,CH-C,OX_ETCH_A,GAS_LEAK,1
WF0262,2026-03-06 10:04:00,CH-A,OX_ETCH_B,NORMAL,0
WF0263,2026-03-06 10:29:00,CH-B,OX_ETCH_A,NORMAL,0
WF0264,2026-03-06 10:51:00,CH-C,OX_ETCH_B,NORMAL,0
WF0265,2026-03-06 11:18:00,CH-A,OX_ETCH_A,NORMAL,0
WF0266,2026-03-06 11:36:00,CH-B,OX_ETCH_B,RF_UNSTABLE,1
WF0267,2026-03-06 12:02:00,CH-C,OX_ETCH_A,NORMAL,0
WF0268,2026-03-06 12:21:00,CH-A,OX_ETCH_B,NORMAL,0
WF0269,2026-03-06 12:50:00,CH-B,OX_ETCH_A,NORMAL,0
WF0270,2026-03-06 13:07:00,CH-C,OX_ETCH_B,NORMAL,0
WF0271,2026-03-06 13:34:00,CH-A,OX_ETCH_A,NORMAL,0
WF0272,2026-03-06 13:55:00,CH-B,OX_ETCH_B,NORMAL,0
WF0273,2026-03-06 14:16:00,CH-C,OX_ETCH_A,NORMAL,0
WF0274,2026-03-06 14:42:00,CH-A,OX_ETCH_B,PRESSURE_DRIFT,1
WF0275,2026-03-06 15:08:00,CH-B,OX_ETCH_A,PRESSURE_DRIFT,1
WF0276,2026-03-06 15:25:00,CH-C,OX_ETCH_B,GAS_LEAK,1
WF0277,2026-03-06 15:53:00,CH-A,OX_ETCH_A,NORMAL,0
WF0278,2026-03-06 16:12:00,CH-B,OX_ETCH_B,NORMAL,0
WF0279,2026-03-06 16:39:00,CH-C,OX_ETCH_A,NORMAL,0
WF0280,2026-03-06 16:59:00,CH-A,OX_ETCH_B,NORMAL,0
WF0281,2026-03-06 17:24:00,CH-B,OX_ETCH_A,NORMAL,0
WF0282,2026-03-06 17:44:00,CH-C,OX_ETCH_B,GAS_LEAK,1
WF0283,2026-03-06 18:11:00,CH-A,OX_ETCH_A,NORMAL,0
WF0284,2026-03-06 18:34:00,CH-B,OX_ETCH_B,NORMAL,0
WF0285,2026-03-06 18:52:00,CH-C,OX_ETCH_A,NORMAL,0
WF0286,2026-03-06 19:15:00,CH-A,OX_ETCH_B,NORMAL,0
WF0287,2026-03-06 19:42:00,CH-B,OX_ETCH_A,NORMAL,0
WF0288,2026-03-06 20:02:00,CH-C,OX_ETCH_B,PRESSURE_DRIFT,1
WF0289,2026-03-06 20:24:00,CH-A,OX_ETCH_A,NORMAL,0
WF0290,2026-03-06 20:47:00,CH-B,OX_ETCH_B,NORMAL,0
WF0291,2026-03-06 21:16:00,CH-C,OX_ETCH_A,NORMAL,0
WF0292,2026-03-06 21:37:00,CH-A,OX_ETCH_B,NORMAL,0
WF0293,2026-03-06 22:02:00,CH-B,OX_ETCH_A,NORMAL,0
WF0294,2026-03-06 22:25:00,CH-C,OX_ETCH_B,NORMAL,0
WF0295,2026-03-06 22:48:00,CH-A,OX_ETCH_A,NORMAL,0
WF0296,2026-03-06 23:09:00,CH-B,OX_ETCH_B,RF_UNSTABLE,1
WF0297,2026-03-06 23:34:00,CH-C,OX_ETCH_A,GAS_LEAK,1
WF0298,2026-03-06 23:54:00,CH-A,OX_ETCH_B,NORMAL,0
WF0299,2026-03-07 00:18:00,CH-B,OX_ETCH_A,NORMAL,0
WF0300,2026-03-07 00:41:00,CH-C,OX_ETCH_B,NORMAL,0
WF0301,2026-03-07 01:06:00,CH-A,OX_ETCH_A,NORMAL,0
WF0302,2026-03-07 01:28:00,CH-B,OX_ETCH_B,NORMAL,0
WF0303,2026-03-07 01:48:00,CH-C,OX_ETCH_A,NORMAL,0
WF0304,2026-03-07 02:13:00,CH-A,OX_ETCH_B,NORMAL,0
WF0305,2026-03-07 02:36:00,CH-B,OX_ETCH_A,GAS_LEAK,1
WF0306,2026-03-07 02:55:00,CH-C,OX_ETCH_B,NORMAL,0
WF0307,2026-03-07 03:24:00,CH-A,OX_ETCH_A,NORMAL,0
WF0308,2026-03-07 03:43:00,CH-B,OX_ETCH_B,NORMAL,0
WF0309,2026-03-07 04:09:00,CH-C,OX_ETCH_A,NORMAL,0
WF0310,2026-03-07 04:33:00,CH-A,OX_ETCH_B,PRESSURE_DRIFT,1
WF0311,2026-03-07 04:54:00,CH-B,OX_ETCH_A,NORMAL,0
WF0312,2026-03-07 05:17:00,CH-C,OX_ETCH_B,NORMAL,0
WF0313,2026-03-07 05:40:00,CH-A,OX_ETCH_A,NORMAL,0
WF0314,2026-03-07 06:01:00,CH-B,OX_ETCH_B,RF_UNSTABLE,1
WF0315,2026-03-07 06:22:00,CH-C,OX_ETCH_A,NORMAL,0
WF0316,2026-03-07 06:45:00,CH-A,OX_ETCH_B,NORMAL,0
WF0317,2026-03-07 07:14:00,CH-B,OX_ETCH_A,NORMAL,0
WF0318,2026-03-07 07:37:00,CH-C,OX_ETCH_B,NORMAL,0
WF0319,2026-03-07 07:54:00,CH-A,OX_ETCH_A,NORMAL,0
WF0320,2026-03-07 08:20:00,CH-B,OX_ETCH_B,NORMAL,0
WF0321,2026-03-07 08:44:00,CH-C,OX_ETCH_A,PRESSURE_DRIFT,1
WF0322,2026-03-07 09:09:00,CH-A,OX_ETCH_B,NORMAL,0
WF0323,2026-03-07 09:26:00,CH-B,OX_ETCH_A,NORMAL,0
WF0324,2026-03-07 09:49:00,CH-C,OX_ETCH_B,NORMAL,0
WF0325,2026-03-07 10:12:00,CH-A,OX_ETCH_A,NORMAL,0
WF0326,2026-03-07 10:40:00,CH-B,OX_ETCH_B,PRESSURE_DRIFT,1
WF0327,2026-03-07 11:04:00,CH-C,OX_ETCH_A,NORMAL,0
WF0328,2026-03-07 11:24:00,CH-A,OX_ETCH_B,NORMAL,0
WF0329,2026-03-07 11:45:00,CH-B,OX_ETCH_A,NORMAL,0
WF0330,2026-03-07 12:08:00,CH-C,OX_ETCH_B,NORMAL,0
WF0331,2026-03-07 12:30:00,CH-A,OX_ETCH_A,NORMAL,0
WF0332,2026-03-07 12:58:00,CH-B,OX_ETCH_B,NORMAL,0
WF0333,2026-03-07 13:21:00,CH-C,OX_ETCH_A,NORMAL,0
WF0334,2026-03-07 13:41:00,CH-A,OX_ETCH_B,NORMAL,0
WF0335,2026-03-07 14:03:00,CH-B,OX_ETCH_A,RF_UNSTABLE,1
WF0336,2026-03-07 14:28:00,CH-C,OX_ETCH_B,NORMAL,0
WF0337,2026-03-07 14:52:00,CH-A,OX_ETCH_A,NORMAL,0
WF0338,2026-03-07 15:17:00,CH-B,OX_ETCH_B,NORMAL,0
WF0339,2026-03-07 15:35:00,CH-C,OX_ETCH_A,NORMAL,0
WF0340,2026-03-07 16:02:00,CH-A,OX_ETCH_B,NORMAL,0
WF0341,2026-03-07 16:22:00,CH-B,OX_ETCH_A,NORMAL,0
WF0342,2026-03-07 16:45:00,CH-C,OX_ETCH_B,NORMAL,0
WF0343,2026-03-07 17:12:00,CH-A,OX_ETCH_A,NORMAL,0
WF0344,2026-03-07 17:31:00,CH-B,OX_ETCH_B,NORMAL,0
WF0345,2026-03-07 17:55:00,CH-C,OX_ETCH_A,RF_UNSTABLE,1
WF0346,2026-03-07 18:16:00,CH-A,OX_ETCH_B,NORMAL,0
WF0347,2026-03-07 18:41:00,CH-B,OX_ETCH_A,RF_UNSTABLE,1
WF0348,2026-03-07 19:04:00,CH-C,OX_ETCH_B,NORMAL,0
WF0349,2026-03-07 19:26:00,CH-A,OX_ETCH_A,NORMAL,0
WF0350,2026-03-07 19:53:00,CH-B,OX_ETCH_B,NORMAL,0
WF0351,2026-03-07 20:10:00,CH-C,OX_ETCH_A,NORMAL,0
WF0352,2026-03-07 20:39:00,CH-A,OX_ETCH_B,NORMAL,0
WF0353,2026-03-07 20:56:00,CH-B,OX_ETCH_A,NORMAL,0
WF0354,2026-03-07 21:24:00,CH-C,OX_ETCH_B,NORMAL,0
WF0355,2026-03-07 21:47:00,CH-A,OX_ETCH_A,NORMAL,0
WF0356,2026-03-07 22:11:00,CH-B,OX_ETCH_B,GAS_LEAK,1
WF0357,2026-03-07 22:31:00,CH-C,OX_ETCH_A,PRESSURE_DRIFT,1
WF0358,2026-03-07 22:54:00,CH-A,OX_ETCH_B,GAS_LEAK,1
WF0359,2026-03-07 23:14:00,CH-B,OX_ETCH_A,NORMAL,0
WF0360,2026-03-07 23:41:00,CH-C,OX_ETCH_B,NORMAL,0
WF0361,2026-03-08 00:02:00,CH-A,OX_ETCH_A,NORMAL,0
WF0362,2026-03-08 00:24:00,CH-B,OX_ETCH_B,PRESSURE_DRIFT,1
WF0363,2026-03-08 00:48:00,CH-C,OX_ETCH_A,NORMAL,0
WF0364,2026-03-08 01:13:00,CH-A,OX_ETCH_B,NORMAL,0
WF0365,2026-03-08 01:37:00,CH-B,OX_ETCH_A,RF_UNSTABLE,1
WF0366,2026-03-08 01:55:00,CH-C,OX_ETCH_B,GAS_LEAK,1
WF0367,2026-03-08 02:23:00,CH-A,OX_ETCH_A,NORMAL,0
WF0368,2026-03-08 02:43:00,CH-B,OX_ETCH_B,NORMAL,0
WF0369,2026-03-08 03:06:00,CH-C,OX_ETCH_A,PRESSURE_DRIFT,1
WF0370,2026-03-08 03:27:00,CH-A,OX_ETCH_B,NORMAL,0
WF0371,2026-03-08 03:51:00,CH-B,OX_ETCH_A,NORMAL,0
WF0372,2026-03-08 04:19:00,CH-C,OX_ETCH_B,NORMAL,0
WF0373,2026-03-08 04:41:00,CH-A,OX_ETCH_A,NORMAL,0
WF0374,2026-03-08 04:59:00,CH-B,OX_ETCH_B,NORMAL,0
WF0375,2026-03-08 05:23:00,CH-C,OX_ETCH_A,NORMAL,0
WF0376,2026-03-08 05:45:00,CH-A,OX_ETCH_B,NORMAL,0
WF0377,2026-03-08 06:14:00,CH-B,OX_ETCH_A,NORMAL,0
WF0378,2026-03-08 06:35:00,CH-C,OX_ETCH_B,NORMAL,0
WF0379,2026-03-08 06:54:00,CH-A,OX_ETCH_A,RF_UNSTABLE,1
WF0380,2026-03-08 07:20:00,CH-B,OX_ETCH_B,NORMAL,0
WF0381,2026-03-08 07:40:00,CH-C,OX_ETCH_A,NORMAL,0
WF0382,2026-03-08 08:05:00,CH-A,OX_ETCH_B,NORMAL,0
WF0383,2026-03-08 08:31:00,CH-B,OX_ETCH_A,NORMAL,0
WF0384,2026-03-08 08:50:00,CH-C,OX_ETCH_B,NORMAL,0
WF0385,2026-03-08 09:13:00,CH-A,OX_ETCH_A,RF_UNSTABLE,1
WF0386,2026-03-08 09:37:00,CH-B,OX_ETCH_B,NORMAL,0
WF0387,2026-03-08 10:02:00,CH-C,OX_ETCH_A,NORMAL,0
WF0388,2026-03-08 10:24:00,CH-A,OX_ETCH_B,NORMAL,0
WF0389,2026-03-08 10:49:00,CH-B,OX_ETCH_A,PRESSURE_DRIFT,1
WF0390,2026-03-08 11:08:00,CH-C,OX_ETCH_B,NORMAL,0
WF0391,2026-03-08 11:32:00,CH-A,OX_ETCH_A,NORMAL,0
WF0392,2026-03-08 11:57:00,CH-B,OX_ETCH_B,NORMAL,0
WF0393,2026-03-08 12:22:00,CH-C,OX_ETCH_A,NORMAL,0
WF0394,2026-03-08 12:41:00,CH-A,OX_ETCH_B,NORMAL,0
WF0395,2026-03-08 13:04:00,CH-B,OX_ETCH_A,NORMAL,0
WF0396,2026-03-08 13:26:00,CH-C,OX_ETCH_B,NORMAL,0
WF0397,2026-03-08 13:53:00,CH-A,OX_ETCH_A,NORMAL,0
WF0398,2026-03-08 14:14:00,CH-B,OX_ETCH_B,PRESSURE_DRIFT,1
WF0399,2026-03-08 14:35:00,CH-C,OX_ETCH_A,NORMAL,0
WF0400,2026-03-08 15:00:00,CH-A,OX_ETCH_B,NORMAL,0
