signal_id,module_code,module_kr,sensor_type,unit,missing_rate,n_unique,is_constant,mean,std,min,max,note
SIG_001,CHAMBER,챔버,압력,Torr,0.0038,1520,0,3014.4529,73.6218,2743.24,3356.35,교육용 가상 매핑(원본은 익명화 신호)
SIG_002,RF,RF전원,반사전력,W,0.0045,1504,0,2495.8502,80.4077,2158.75,2846.44,교육용 가상 매핑(원본은 익명화 신호)
SIG_003,VACUUM,진공,게이트밸브개도,%,0.0089,507,0,2200.5473,29.5132,2060.66,2315.2667,교육용 가상 매핑(원본은 익명화 신호)
SIG_004,GAS_MFC,가스공급,라인압력,psi,0.0089,518,0,1396.3766,441.6916,0.0,3715.0417,교육용 가상 매핑(원본은 익명화 신호)
SIG_005,ESC,정전척,척전압,V,0.0089,503,0,4.197,56.3555,0.6815,1114.5366,교육용 가상 매핑(원본은 익명화 신호)
SIG_006,THERMAL,온도제어,쿨런트온도,degC,0.0089,1,1,100.0,0.0,100.0,100.0,교육용 가상 매핑(원본은 익명화 신호)
SIG_007,TRANSFER,이송,진공척흡착,kPa,0.0089,510,0,101.1129,6.2372,82.1311,129.2522,교육용 가상 매핑(원본은 익명화 신호)
SIG_008,METRO,계측,표면조도,nm,0.0057,89,0,0.1218,0.009,0.0,0.1286,교육용 가상 매핑(원본은 익명화 신호)
SIG_009,CHAMBER,챔버,압력,Torr,0.0013,1208,0,1.4629,0.0739,1.191,1.6564,교육용 가상 매핑(원본은 익명화 신호)
SIG_010,RF,RF전원,반사전력,W,0.0013,568,0,-0.0008,0.0151,-0.0534,0.0749,교육용 가상 매핑(원본은 익명화 신호)
SIG_011,VACUUM,진공,게이트밸브개도,%,0.0013,392,0,0.0001,0.0093,-0.0349,0.053,교육용 가상 매핑(원본은 익명화 신호)
SIG_012,GAS_MFC,가스공급,라인압력,psi,0.0013,378,0,0.9644,0.0125,0.6554,0.9848,교육용 가상 매핑(원본은 익명화 신호)
SIG_013,ESC,정전척,척전압,V,0.0013,1547,0,199.9568,3.2573,182.094,272.0451,교육용 가상 매핑(원본은 익명화 신호)
SIG_014,THERMAL,온도제어,쿨런트온도,degC,0.0019,1,1,0.0,0.0,0.0,0.0,교육용 가상 매핑(원본은 익명화 신호)
SIG_015,TRANSFER,이송,진공척흡착,kPa,0.0019,1555,0,9.0054,2.7966,2.2493,19.5465,교육용 가상 매핑(원본은 익명화 신호)
SIG_016,METRO,계측,표면조도,nm,0.0019,1561,0,413.086,17.2211,333.4486,824.9271,교육용 가상 매핑(원본은 익명화 신호)
SIG_017,CHAMBER,챔버,압력,Torr,0.0019,1477,0,9.9076,2.4039,4.4696,102.8677,교육용 가상 매핑(원본은 익명화 신호)
SIG_018,RF,RF전원,반사전력,W,0.0019,281,0,0.9714,0.0121,0.5794,0.9848,교육용 가상 매핑(원본은 익명화 신호)
SIG_019,VACUUM,진공,게이트밸브개도,%,0.0019,1548,0,190.0474,2.781,169.1774,215.5977,교육용 가상 매핑(원본은 익명화 신호)
SIG_020,GAS_MFC,가스공급,라인압력,psi,0.0064,361,0,12.481,0.218,9.8773,12.9898,교육용 가상 매핑(원본은 익명화 신호)
SIG_021,ESC,정전척,척전압,V,0.0,552,0,1.4051,0.0167,1.1797,1.4534,교육용 가상 매핑(원본은 익명화 신호)
SIG_022,THERMAL,온도제어,쿨런트온도,degC,0.0013,1295,0,-5618.3936,626.8222,-7150.25,0.0,교육용 가상 매핑(원본은 익명화 신호)
SIG_023,TRANSFER,이송,진공척흡착,kPa,0.0013,1176,0,2699.3784,295.4985,0.0,3656.25,교육용 가상 매핑(원본은 익명화 신호)
SIG_024,METRO,계측,표면조도,nm,0.0013,1480,0,-3806.2997,1380.1621,-9986.75,2363.0,교육용 가상 매핑(원본은 익명화 신호)
SIG_025,CHAMBER,챔버,압력,Torr,0.0013,1494,0,-298.5981,2902.6901,-14804.5,14106.0,교육용 가상 매핑(원본은 익명화 신호)
SIG_026,RF,RF전원,반사전력,W,0.0013,704,0,1.2038,0.1776,0.0,1.3828,교육용 가상 매핑(원본은 익명화 신호)
SIG_027,VACUUM,진공,게이트밸브개도,%,0.0013,624,0,1.9385,0.1895,0.0,2.0528,교육용 가상 매핑(원본은 익명화 신호)
SIG_028,GAS_MFC,가스공급,라인압력,psi,0.0013,1148,0,6.6386,1.2442,0.0,7.6588,교육용 가상 매핑(원본은 익명화 신호)
SIG_029,ESC,정전척,척전압,V,0.0013,869,0,69.4995,3.4612,59.4,77.9,교육용 가상 매핑(원본은 익명화 신호)
SIG_030,THERMAL,온도제어,쿨런트온도,degC,0.0013,188,0,2.3662,0.4087,0.6667,3.5111,교육용 가상 매핑(원본은 익명화 신호)
SIG_031,TRANSFER,이송,진공척흡착,kPa,0.0013,842,0,0.1842,0.0329,0.0341,0.2851,교육용 가상 매핑(원본은 익명화 신호)
SIG_032,METRO,계측,표면조도,nm,0.0013,1275,0,3.6732,0.5353,2.0698,4.8044,교육용 가상 매핑(원본은 익명화 신호)
SIG_033,CHAMBER,챔버,압력,Torr,0.0006,338,0,85.3375,2.0265,83.1829,105.6038,교육용 가상 매핑(원본은 익명화 신호)
SIG_034,RF,RF전원,반사전력,W,0.0006,330,0,8.9603,1.3445,7.6032,23.3453,교육용 가상 매핑(원본은 익명화 신호)
SIG_035,VACUUM,진공,게이트밸브개도,%,0.0006,329,0,50.5826,1.1826,49.8348,59.7711,교육용 가상 매핑(원본은 익명화 신호)
SIG_036,GAS_MFC,가스공급,라인압력,psi,0.0006,331,0,64.5558,2.5747,63.6774,94.2641,교육용 가상 매핑(원본은 익명화 신호)
SIG_037,ESC,정전척,척전압,V,0.0006,330,0,49.4174,1.1826,40.2289,50.1652,교육용 가상 매핑(원본은 익명화 신호)
SIG_038,THERMAL,온도제어,쿨런트온도,degC,0.0006,325,0,66.2213,0.3041,64.9193,67.9586,교육용 가상 매핑(원본은 익명화 신호)
SIG_039,TRANSFER,이송,진공척흡착,kPa,0.0006,329,0,86.8366,0.4468,84.7327,88.4188,교육용 가상 매핑(원본은 익명화 신호)
SIG_040,METRO,계측,표면조도,nm,0.0006,333,0,118.6796,1.8072,111.7128,133.3898,교육용 가상 매핑(원본은 익명화 신호)
SIG_041,CHAMBER,챔버,압력,Torr,0.0153,291,0,67.9049,24.0629,1.434,86.12,교육용 가상 매핑(원본은 익명화 신호)
SIG_042,RF,RF전원,반사전력,W,0.0153,315,0,3.3531,2.3604,-0.0759,37.88,교육용 가상 매핑(원본은 익명화 신호)
SIG_043,VACUUM,진공,게이트밸브개도,%,0.0006,1,1,70.0,0.0,70.0,70.0,교육용 가상 매핑(원본은 익명화 신호)
SIG_044,GAS_MFC,가스공급,라인압력,psi,0.0006,1523,0,355.5389,6.2347,342.7545,377.2973,교육용 가상 매핑(원본은 익명화 신호)
SIG_045,ESC,정전척,척전압,V,0.0006,1376,0,10.0312,0.175,9.464,11.053,교육용 가상 매핑(원본은 익명화 신호)
SIG_046,THERMAL,온도제어,쿨런트온도,degC,0.0006,1520,0,136.7431,7.8492,108.8464,176.3136,교육용 가상 매핑(원본은 익명화 신호)
SIG_047,TRANSFER,이송,진공척흡착,kPa,0.0006,1562,0,733.6728,12.1703,699.8139,789.7523,교육용 가상 매핑(원본은 익명화 신호)
SIG_048,METRO,계측,표면조도,nm,0.0006,1341,0,1.178,0.1896,0.4967,1.5111,교육용 가상 매핑(원본은 익명화 신호)
SIG_049,CHAMBER,챔버,압력,Torr,0.0006,1486,0,139.9722,4.5243,125.7982,163.2509,교육용 가상 매핑(원본은 익명화 신호)
SIG_050,RF,RF전원,반사전력,W,0.0006,1,1,1.0,0.0,1.0,1.0,교육용 가상 매핑(원본은 익명화 신호)
SIG_051,VACUUM,진공,게이트밸브개도,%,0.0006,1520,0,632.2542,8.644,607.3927,667.7418,교육용 가상 매핑(원본은 익명화 신호)
SIG_052,GAS_MFC,가스공급,라인압력,psi,0.0006,1562,0,157.421,60.9251,40.2614,258.5432,교육용 가상 매핑(원본은 익명화 신호)
SIG_053,ESC,정전척,척전압,V,0.0006,1,1,0.0,0.0,0.0,0.0,교육용 가상 매핑(원본은 익명화 신호)
SIG_054,THERMAL,온도제어,쿨런트온도,degC,0.0026,153,0,4.593,0.0549,3.706,4.764,교육용 가상 매핑(원본은 익명화 신호)
SIG_055,TRANSFER,이송,진공척흡착,kPa,0.0026,169,0,4.8385,0.0596,3.932,5.011,교육용 가상 매핑(원본은 익명화 신호)
SIG_056,METRO,계측,표면조도,nm,0.0026,107,0,2856.1721,25.7493,2801.0,2936.0,교육용 가상 매핑(원본은 익명화 신호)
SIG_057,CHAMBER,챔버,압력,Torr,0.0026,187,0,0.9288,0.0068,0.8755,0.9378,교육용 가상 매핑(원본은 익명화 신호)
SIG_058,RF,RF전원,반사전력,W,0.0026,159,0,0.9492,0.0042,0.9319,0.9598,교육용 가상 매핑(원본은 익명화 신호)
SIG_059,VACUUM,진공,게이트밸브개도,%,0.0026,382,0,4.5933,0.0851,4.2199,4.8475,교육용 가상 매핑(원본은 익명화 신호)
SIG_060,GAS_MFC,가스공급,라인압력,psi,0.0045,1500,0,2.9602,9.5322,-28.9882,168.1455,교육용 가상 매핑(원본은 익명화 신호)
SIG_061,ESC,정전척,척전압,V,0.0038,1498,0,355.1591,6.0279,324.7145,373.8664,교육용 가상 매핑(원본은 익명화 신호)
SIG_062,THERMAL,온도제어,쿨런트온도,degC,0.0038,1418,0,10.4231,0.2749,9.4611,11.7849,교육용 가상 매핑(원본은 익명화 신호)
SIG_063,TRANSFER,이송,진공척흡착,kPa,0.0038,1518,0,116.5023,8.629,81.49,287.1509,교육용 가상 매핑(원본은 익명화 신호)
SIG_064,METRO,계측,표면조도,nm,0.0045,1534,0,13.9899,7.1199,1.6591,188.0923,교육용 가상 매핑(원본은 익명화 신호)
SIG_065,CHAMBER,챔버,압력,Torr,0.0045,1496,0,20.5421,4.9775,6.4482,48.9882,교육용 가상 매핑(원본은 익명화 신호)
SIG_066,RF,RF전원,반사전력,W,0.0045,1550,0,27.1318,7.1217,4.308,118.0836,교육용 가상 매핑(원본은 익명화 신호)
SIG_067,VACUUM,진공,게이트밸브개도,%,0.0038,1559,0,706.6685,11.6231,632.4226,770.6084,교육용 가상 매핑(원본은 익명화 신호)
SIG_068,GAS_MFC,가스공급,라인압력,psi,0.0038,1306,0,16.7154,307.5023,0.4137,7272.8283,교육용 가상 매핑(원본은 익명화 신호)
SIG_069,ESC,정전척,척전압,V,0.0038,1479,0,147.4376,4.2401,87.0255,167.8309,교육용 가상 매핑(원본은 익명화 신호)
SIG_070,THERMAL,온도제어,쿨런트온도,degC,0.0038,1,1,1.0,0.0,1.0,1.0,교육용 가상 매핑(원본은 익명화 신호)
SIG_071,TRANSFER,이송,진공척흡착,kPa,0.0038,1533,0,619.1017,9.5392,581.7773,722.6018,교육용 가상 매핑(원본은 익명화 신호)
SIG_072,METRO,계측,표면조도,nm,0.0038,1557,0,104.329,31.6519,21.4332,238.4775,교육용 가상 매핑(원본은 익명화 신호)
SIG_073,CHAMBER,챔버,압력,Torr,0.5067,773,0,150.3616,18.3885,-59.4777,175.4132,교육용 가상 매핑(원본은 익명화 신호)
SIG_074,RF,RF전원,반사전력,W,0.5067,770,0,468.0204,17.6299,456.0447,692.4256,교육용 가상 매핑(원본은 익명화 신호)
SIG_075,VACUUM,진공,게이트밸브개도,%,0.0038,2,0,0.0027,0.1062,0.0,4.1955,교육용 가상 매핑(원본은 익명화 신호)
SIG_076,GAS_MFC,가스공급,라인압력,psi,0.0153,675,0,-0.0069,0.0223,-0.1049,0.2315,교육용 가상 매핑(원본은 익명화 신호)
SIG_077,ESC,정전척,척전압,V,0.0153,891,0,-0.0294,0.0332,-0.1862,0.0723,교육용 가상 매핑(원본은 익명화 신호)
SIG_078,THERMAL,온도제어,쿨런트온도,degC,0.0153,842,0,-0.007,0.0314,-0.1046,0.1331,교육용 가상 매핑(원본은 익명화 신호)
SIG_079,TRANSFER,이송,진공척흡착,kPa,0.0153,995,0,-0.0136,0.0479,-0.3482,0.2492,교육용 가상 매핑(원본은 익명화 신호)
SIG_080,METRO,계측,표면조도,nm,0.0153,691,0,0.0035,0.0231,-0.0568,0.1013,교육용 가상 매핑(원본은 익명화 신호)
SIG_081,CHAMBER,챔버,압력,Torr,0.0153,922,0,-0.0185,0.0492,-0.1437,0.1186,교육용 가상 매핑(원본은 익명화 신호)
SIG_082,RF,RF전원,반사전력,W,0.0153,580,0,-0.0212,0.017,-0.0982,0.0584,교육용 가상 매핑(원본은 익명화 신호)
SIG_083,VACUUM,진공,게이트밸브개도,%,0.0153,888,0,0.0061,0.0361,-0.2129,0.1437,교육용 가상 매핑(원본은 익명화 신호)
SIG_084,GAS_MFC,가스공급,라인압력,psi,0.0006,1506,0,7.4521,0.5163,5.8257,8.9904,교육용 가상 매핑(원본은 익명화 신호)
SIG_085,ESC,정전척,척전압,V,0.0077,180,0,0.1331,0.0051,0.1174,0.1505,교육용 가상 매핑(원본은 익명화 신호)
SIG_086,THERMAL,온도제어,쿨런트온도,degC,0.8558,97,0,0.1128,0.0029,0.1053,0.1184,교육용 가상 매핑(원본은 익명화 신호)
SIG_087,TRANSFER,이송,진공척흡착,kPa,0.0,472,0,2.4019,0.0373,2.2425,2.5555,교육용 가상 매핑(원본은 익명화 신호)
SIG_088,METRO,계측,표면조도,nm,0.0,249,0,0.9824,0.0128,0.7749,0.9935,교육용 가상 매핑(원본은 익명화 신호)
SIG_089,CHAMBER,챔버,압력,Torr,0.0,973,0,1807.815,53.5373,1627.4714,2105.1823,교육용 가상 매핑(원본은 익명화 신호)
SIG_090,RF,RF전원,반사전력,W,0.0325,650,0,0.1887,0.0524,0.1113,1.4727,교육용 가상 매핑(원본은 익명화 신호)
SIG_091,VACUUM,진공,게이트밸브개도,%,0.0325,1513,0,8827.5369,396.3137,7397.31,10746.6,교육용 가상 매핑(원본은 익명화 신호)
SIG_092,GAS_MFC,가스공급,라인압력,psi,0.0038,1191,0,0.0024,0.0877,-0.357,0.3627,교육용 가상 매핑(원본은 익명화 신호)
SIG_093,ESC,정전척,척전압,V,0.0013,180,0,0.0005,0.0032,-0.0126,0.0281,교육용 가상 매핑(원본은 익명화 신호)
SIG_094,THERMAL,온도제어,쿨런트온도,degC,0.0013,174,0,-0.0005,0.003,-0.0171,0.0133,교육용 가상 매핑(원본은 익명화 신호)
SIG_095,TRANSFER,이송,진공척흡착,kPa,0.0038,22,0,-0.0,0.0002,-0.002,0.0011,교육용 가상 매핑(원본은 익명화 신호)
SIG_096,METRO,계측,표면조도,nm,0.0038,14,0,0.0001,0.0001,-0.0009,0.0009,교육용 가상 매핑(원본은 익명화 신호)
SIG_097,CHAMBER,챔버,압력,Torr,0.0038,1333,0,0.0171,0.2196,-1.4803,2.5093,교육용 가상 매핑(원본은 익명화 신호)
SIG_098,RF,RF전원,반사전력,W,0.0038,1,1,0.0,0.0,0.0,0.0,교육용 가상 매핑(원본은 익명화 신호)
SIG_099,VACUUM,진공,게이트밸브개도,%,0.0038,1420,0,-0.0181,0.4271,-5.2717,2.5698,교육용 가상 매핑(원본은 익명화 신호)
SIG_100,GAS_MFC,가스공급,라인압력,psi,0.0038,272,0,0.0015,0.0627,-0.5283,0.8854,교육용 가상 매핑(원본은 익명화 신호)
SIG_101,ESC,정전척,척전압,V,0.0038,35,0,-0.0,0.0004,-0.003,0.0023,교육용 가상 매핑(원본은 익명화 신호)
SIG_102,THERMAL,온도제어,쿨런트온도,degC,0.0038,29,0,-0.0,0.0002,-0.0024,0.0017,교육용 가상 매핑(원본은 익명화 신호)
SIG_103,TRANSFER,이송,진공척흡착,kPa,0.0038,1066,0,0.0011,0.063,-0.5353,0.2979,교육용 가상 매핑(원본은 익명화 신호)
SIG_104,METRO,계측,표면조도,nm,0.0013,153,0,-0.0098,0.0031,-0.0329,0.0203,교육용 가상 매핑(원본은 익명화 신호)
SIG_105,CHAMBER,챔버,압력,Torr,0.0013,55,0,-0.0,0.0009,-0.0119,0.0071,교육용 가상 매핑(원본은 익명화 신호)
SIG_106,RF,RF전원,반사전력,W,0.0038,177,0,-0.0005,0.0032,-0.0281,0.0127,교육용 가상 매핑(원본은 익명화 신호)
SIG_107,VACUUM,진공,게이트밸브개도,%,0.0038,180,0,0.0005,0.003,-0.0133,0.0172,교육용 가상 매핑(원본은 익명화 신호)
SIG_108,GAS_MFC,가스공급,라인압력,psi,0.0038,1159,0,-0.0018,0.0875,-0.5226,0.4856,교육용 가상 매핑(원본은 익명화 신호)
SIG_109,ESC,정전척,척전압,V,0.0038,1183,0,-0.0108,0.0868,-0.3454,0.3938,교육용 가상 매핑(원본은 익명화 신호)
SIG_110,THERMAL,온도제어,쿨런트온도,degC,0.6496,96,0,0.98,0.0087,0.7848,0.9842,교육용 가상 매핑(원본은 익명화 신호)
SIG_111,TRANSFER,이송,진공척흡착,kPa,0.6496,546,0,101.3183,1.8801,88.1938,106.9227,교육용 가상 매핑(원본은 익명화 신호)
SIG_112,METRO,계측,표면조도,nm,0.6496,545,0,231.8189,2.1053,213.0083,236.9546,교육용 가상 매핑(원본은 익명화 신호)
SIG_113,CHAMBER,챔버,압력,Torr,0.4563,249,0,0.4575,0.0489,0.0,0.4885,교육용 가상 매핑(원본은 익명화 신호)
SIG_114,RF,RF전원,반사전력,W,0.0,468,0,0.9454,0.0121,0.8534,0.9763,교육용 가상 매핑(원본은 익명화 신호)
SIG_115,VACUUM,진공,게이트밸브개도,%,0.0,20,0,0.0001,0.0017,0.0,0.0414,교육용 가상 매핑(원본은 익명화 신호)
SIG_116,GAS_MFC,가스공급,라인압력,psi,0.0,1567,0,747.3838,48.9492,544.0254,924.5318,교육용 가상 매핑(원본은 익명화 신호)
SIG_117,ESC,정전척,척전압,V,0.0,136,0,0.9871,0.0095,0.89,0.9924,교육용 가상 매핑(원본은 익명화 신호)
SIG_118,THERMAL,온도제어,쿨런트온도,degC,0.0,1527,0,58.6259,6.4852,52.8068,311.7344,교육용 가상 매핑(원본은 익명화 신호)
SIG_119,TRANSFER,이송,진공척흡착,kPa,0.0153,328,0,0.5984,0.0081,0.5274,0.6245,교육용 가상 매핑(원본은 익명화 신호)
SIG_120,METRO,계측,표면조도,nm,0.0,249,0,0.9708,0.0089,0.8411,0.9827,교육용 가상 매핑(원본은 익명화 신호)
SIG_121,CHAMBER,챔버,압력,Torr,0.0,1269,0,6.3109,0.1243,5.1259,7.522,교육용 가상 매핑(원본은 익명화 신호)
SIG_122,RF,RF전원,반사전력,W,0.0057,54,0,15.7964,0.0996,15.46,16.07,교육용 가상 매핑(원본은 익명화 신호)
SIG_123,VACUUM,진공,게이트밸브개도,%,0.0057,309,0,3.8984,0.9041,1.671,6.889,교육용 가상 매핑(원본은 익명화 신호)
SIG_124,GAS_MFC,가스공급,라인압력,psi,0.0057,50,0,15.8297,0.1083,15.17,16.1,교육용 가상 매핑(원본은 익명화 신호)
SIG_125,ESC,정전척,척전압,V,0.0057,59,0,15.7947,0.1141,15.43,16.1,교육용 가상 매핑(원본은 익명화 신호)
SIG_126,THERMAL,온도제어,쿨런트온도,degC,0.0057,155,0,1.185,0.2806,0.3122,2.465,교육용 가상 매핑(원본은 익명화 신호)
SIG_127,TRANSFER,이송,진공척흡착,kPa,0.0057,273,0,2.7507,0.2535,2.34,3.991,교육용 가상 매핑(원본은 익명화 신호)
SIG_128,METRO,계측,표면조도,nm,0.0057,324,0,0.6485,0.1354,0.3161,1.175,교육용 가상 매핑(원본은 익명화 신호)
SIG_129,CHAMBER,챔버,압력,Torr,0.0057,268,0,3.1922,0.2642,0.0,3.895,교육용 가상 매핑(원본은 익명화 신호)
SIG_130,RF,RF전원,반사전력,W,0.0057,93,0,-0.5542,1.2205,-3.779,2.458,교육용 가상 매핑(원본은 익명화 신호)
SIG_131,VACUUM,진공,게이트밸브개도,%,0.0057,310,0,0.745,0.0825,0.4199,0.8884,교육용 가상 매핑(원본은 익명화 신호)
SIG_132,GAS_MFC,가스공급,라인압력,psi,0.0057,68,0,0.9978,0.0023,0.9936,1.019,교육용 가상 매핑(원본은 익명화 신호)
SIG_133,ESC,정전척,척전압,V,0.0051,306,0,2.3185,0.0532,2.1911,2.4723,교육용 가상 매핑(원본은 익명화 신호)
SIG_134,THERMAL,온도제어,쿨런트온도,degC,0.0051,336,0,1004.0431,6.5377,980.451,1020.9944,교육용 가상 매핑(원본은 익명화 신호)
SIG_135,TRANSFER,이송,진공척흡착,kPa,0.0051,335,0,39.392,2.9905,33.3658,64.1287,교육용 가상 매핑(원본은 익명화 신호)
SIG_136,METRO,계측,표면조도,nm,0.0032,134,0,117.9609,57.5446,58.0,994.0,교육용 가상 매핑(원본은 익명화 신호)
SIG_137,CHAMBER,챔버,압력,Torr,0.0038,1089,0,138.1947,53.9098,36.1,295.8,교육용 가상 매핑(원본은 익명화 신호)
SIG_138,RF,RF전원,반사전력,W,0.0045,1059,0,122.6929,52.253,19.2,334.7,교육용 가상 매핑(원본은 익명화 신호)
SIG_139,VACUUM,진공,게이트밸브개도,%,0.0089,348,0,57.603,12.3454,19.8,141.7998,교육용 가상 매핑(원본은 익명화 신호)
SIG_140,GAS_MFC,가스공급,라인압력,psi,0.0089,518,0,416.767,263.3006,0.0,1770.6909,교육용 가상 매핑(원본은 익명화 신호)
SIG_141,ESC,정전척,척전압,V,0.0089,498,0,26.0779,506.9221,0.0319,9998.8944,교육용 가상 매핑(원본은 익명화 신호)
SIG_142,THERMAL,온도제어,쿨런트온도,degC,0.0089,1,1,0.0,0.0,0.0,0.0,교육용 가상 매핑(원본은 익명화 신호)
SIG_143,TRANSFER,이송,진공척흡착,kPa,0.0089,374,0,6.6416,3.5523,1.74,103.39,교육용 가상 매핑(원본은 익명화 신호)
SIG_144,METRO,계측,표면조도,nm,0.0057,63,0,0.0042,0.0013,0.0,0.0121,교육용 가상 매핑(원본은 익명화 신호)
SIG_145,CHAMBER,챔버,압력,Torr,0.0013,961,0,0.12,0.0613,0.0324,0.6253,교육용 가상 매핑(원본은 익명화 신호)
SIG_146,RF,RF전원,반사전력,W,0.0013,656,0,0.0636,0.0265,0.0214,0.2507,교육용 가상 매핑(원본은 익명화 신호)
SIG_147,VACUUM,진공,게이트밸브개도,%,0.0013,579,0,0.055,0.0218,0.0227,0.2479,교육용 가상 매핑(원본은 익명화 신호)
SIG_148,GAS_MFC,가스공급,라인압력,psi,0.0013,294,0,0.0174,0.0271,0.0043,0.9783,교육용 가상 매핑(원본은 익명화 신호)
SIG_149,ESC,정전척,척전압,V,0.0013,1551,0,8.4713,18.7406,1.4208,742.9421,교육용 가상 매핑(원본은 익명화 신호)
SIG_150,THERMAL,온도제어,쿨런트온도,degC,0.0019,1,1,0.0,0.0,0.0,0.0,교육용 가상 매핑(원본은 익명화 신호)
SIG_151,TRANSFER,이송,진공척흡착,kPa,0.0019,1443,0,6.8143,3.2418,1.337,22.318,교육용 가상 매핑(원본은 익명화 신호)
SIG_152,METRO,계측,표면조도,nm,0.0019,1498,0,14.0474,31.0025,2.02,536.564,교육용 가상 매핑(원본은 익명화 신호)
SIG_153,CHAMBER,챔버,압력,Torr,0.0019,1394,0,1.1967,23.3641,0.1544,924.378,교육용 가상 매핑(원본은 익명화 신호)
SIG_154,RF,RF전원,반사전력,W,0.0019,219,0,0.0119,0.0093,0.0036,0.2389,교육용 가상 매핑(원본은 익명화 신호)
SIG_155,VACUUM,진공,게이트밸브개도,%,0.0019,1551,0,7.698,5.2392,1.2438,191.5478,교육용 가상 매핑(원본은 익명화 신호)
SIG_156,GAS_MFC,가스공급,라인압력,psi,0.0064,65,0,0.5072,1.1224,0.14,12.71,교육용 가상 매핑(원본은 익명화 신호)
SIG_157,ESC,정전척,척전압,V,0.0,722,0,0.0581,0.0792,0.0111,2.2016,교육용 가상 매핑(원본은 익명화 신호)
SIG_158,THERMAL,온도제어,쿨런트온도,degC,0.9119,128,0,0.0471,0.0395,0.0118,0.2876,교육용 가상 매핑(원본은 익명화 신호)
SIG_159,TRANSFER,이송,진공척흡착,kPa,0.9119,138,0,1039.6507,406.8488,234.0996,2505.2998,교육용 가상 매핑(원본은 익명화 신호)
SIG_160,METRO,계측,표면조도,nm,0.0013,954,0,882.6805,983.043,0.0,7791.0,교육용 가상 매핑(원본은 익명화 신호)
SIG_161,CHAMBER,챔버,압력,Torr,0.0013,744,0,555.3463,574.8086,0.0,4170.0,교육용 가상 매핑(원본은 익명화 신호)
SIG_162,RF,RF전원,반사전력,W,0.0013,1411,0,4066.8505,4239.2451,0.0,37943.0,교육용 가상 매핑(원본은 익명화 신호)
SIG_163,VACUUM,진공,게이트밸브개도,%,0.0013,1325,0,4797.1546,6553.5693,0.0,36871.0,교육용 가상 매핑(원본은 익명화 신호)
SIG_164,GAS_MFC,가스공급,라인압력,psi,0.0013,260,0,0.1402,0.122,0.0,0.957,교육용 가상 매핑(원본은 익명화 신호)
SIG_165,ESC,정전척,척전압,V,0.0013,219,0,0.1279,0.2425,0.0,1.817,교육용 가상 매핑(원본은 익명화 신호)
SIG_166,THERMAL,온도제어,쿨런트온도,degC,0.0013,404,0,0.252,0.4073,0.0,3.286,교육용 가상 매핑(원본은 익명화 신호)
SIG_167,TRANSFER,이송,진공척흡착,kPa,0.0013,62,0,2.7889,1.1198,0.8,21.1,교육용 가상 매핑(원본은 익명화 신호)
SIG_168,METRO,계측,표면조도,nm,0.0013,31,0,1.2358,0.6328,0.3,16.3,교육용 가상 매핑(원본은 익명화 신호)
SIG_169,CHAMBER,챔버,압력,Torr,0.0013,207,0,0.1244,0.0476,0.033,0.725,교육용 가상 매핑(원본은 익명화 신호)
SIG_170,RF,RF전원,반사전력,W,0.0013,652,0,0.4005,0.1979,0.046,1.143,교육용 가상 매핑(원본은 익명화 신호)
SIG_171,VACUUM,진공,게이트밸브개도,%,0.0006,331,0,0.6843,0.1575,0.2979,1.153,교육용 가상 매핑(원본은 익명화 신호)
SIG_172,GAS_MFC,가스공급,라인압력,psi,0.0006,306,0,0.1201,0.0608,0.0089,0.494,교육용 가상 매핑(원본은 익명화 신호)
SIG_173,ESC,정전척,척전압,V,0.0006,307,0,0.3201,0.0712,0.1287,0.5484,교육용 가상 매핑(원본은 익명화 신호)
SIG_174,THERMAL,온도제어,쿨런트온도,degC,0.0006,319,0,0.5762,0.0957,0.2538,0.8643,교육용 가상 매핑(원본은 익명화 신호)
SIG_175,TRANSFER,이송,진공척흡착,kPa,0.0006,308,0,0.3201,0.0712,0.1287,0.5484,교육용 가상 매핑(원본은 익명화 신호)
SIG_176,METRO,계측,표면조도,nm,0.0006,327,0,0.778,0.1163,0.4616,1.172,교육용 가상 매핑(원본은 익명화 신호)
SIG_177,CHAMBER,챔버,압력,Torr,0.0006,319,0,0.2447,0.0749,0.0735,0.4411,교육용 가상 매핑(원본은 익명화 신호)
SIG_178,RF,RF전원,반사전력,W,0.0006,250,0,0.3948,0.2829,0.047,1.858,교육용 가상 매핑(원본은 익명화 신호)
SIG_179,VACUUM,진공,게이트밸브개도,%,0.0153,1,1,0.0,0.0,0.0,0.0,교육용 가상 매핑(원본은 익명화 신호)
SIG_180,GAS_MFC,가스공급,라인압력,psi,0.0006,1,1,0.0,0.0,0.0,0.0,교육용 가상 매핑(원본은 익명화 신호)
SIG_181,ESC,정전척,척전압,V,0.0006,890,0,19.0133,3.3116,9.4,48.67,교육용 가상 매핑(원본은 익명화 신호)
SIG_182,THERMAL,온도제어,쿨런트온도,degC,0.0006,687,0,0.5468,0.2244,0.093,3.573,교육용 가상 매핑(원본은 익명화 신호)
SIG_183,TRANSFER,이송,진공척흡착,kPa,0.0006,905,0,10.7805,4.1641,3.17,55.0,교육용 가상 매핑(원본은 익명화 신호)
SIG_184,METRO,계측,표면조도,nm,0.0006,1508,0,26.6612,6.8361,5.014,72.947,교육용 가상 매핑(원본은 익명화 신호)
SIG_185,CHAMBER,챔버,압력,Torr,0.0006,1054,0,0.1448,0.1102,0.0297,3.2283,교육용 가상 매핑(원본은 익명화 신호)
SIG_186,RF,RF전원,반사전력,W,0.0006,739,0,7.3657,7.1887,1.94,267.91,교육용 가상 매핑(원본은 익명화 신호)
SIG_187,VACUUM,진공,게이트밸브개도,%,0.0006,1,1,0.0,0.0,0.0,0.0,교육용 가상 매핑(원본은 익명화 신호)
SIG_188,GAS_MFC,가스공급,라인압력,psi,0.0006,1015,0,17.9363,8.6099,6.22,307.93,교육용 가상 매핑(원본은 익명화 신호)
SIG_189,ESC,정전척,척전압,V,0.0006,1550,0,43.2114,21.7119,6.613,191.83,교육용 가상 매핑(원본은 익명화 신호)
SIG_190,THERMAL,온도제어,쿨런트온도,degC,0.0006,1,1,0.0,0.0,0.0,0.0,교육용 가상 매핑(원본은 익명화 신호)
SIG_191,TRANSFER,이송,진공척흡착,kPa,0.0026,1,1,0.0,0.0,0.0,0.0,교육용 가상 매핑(원본은 익명화 신호)
SIG_192,METRO,계측,표면조도,nm,0.0026,1,1,0.0,0.0,0.0,0.0,교육용 가상 매핑(원본은 익명화 신호)
SIG_193,CHAMBER,챔버,압력,Torr,0.0026,1,1,0.0,0.0,0.0,0.0,교육용 가상 매핑(원본은 익명화 신호)
SIG_194,RF,RF전원,반사전력,W,0.0026,1,1,0.0,0.0,0.0,0.0,교육용 가상 매핑(원본은 익명화 신호)
SIG_195,VACUUM,진공,게이트밸브개도,%,0.0026,1,1,0.0,0.0,0.0,0.0,교육용 가상 매핑(원본은 익명화 신호)
SIG_196,GAS_MFC,가스공급,라인압력,psi,0.0026,206,0,0.2871,0.3952,0.08,4.838,교육용 가상 매핑(원본은 익명화 신호)
SIG_197,ESC,정전척,척전압,V,0.0045,867,0,8.6885,15.7209,1.75,396.11,교육용 가상 매핑(원본은 익명화 신호)
SIG_198,THERMAL,온도제어,쿨런트온도,degC,0.0038,898,0,20.0927,10.5522,9.22,252.87,교육용 가상 매핑(원본은 익명화 신호)
SIG_199,TRANSFER,이송,진공척흡착,kPa,0.0038,773,0,0.5574,0.5377,0.09,10.017,교육용 가상 매핑(원본은 익명화 신호)
SIG_200,METRO,계측,표면조도,nm,0.0038,920,0,11.5321,16.4456,2.77,390.12,교육용 가상 매핑(원본은 익명화 신호)
SIG_201,CHAMBER,챔버,압력,Torr,0.0045,1008,0,17.6002,8.6907,3.21,199.62,교육용 가상 매핑(원본은 익명화 신호)
SIG_202,RF,RF전원,반사전력,W,0.0045,861,0,7.8394,5.1045,0.0,126.53,교육용 가상 매핑(원본은 익명화 신호)
SIG_203,VACUUM,진공,게이트밸브개도,%,0.0045,1470,0,10.1705,14.6229,0.0,490.561,교육용 가상 매핑(원본은 익명화 신호)
SIG_204,GAS_MFC,가스공급,라인압력,psi,0.0038,1501,0,30.0731,17.4618,7.728,500.349,교육용 가상 매핑(원본은 익명화 신호)
SIG_205,ESC,정전척,척전압,V,0.0038,1210,0,32.2182,565.1012,0.0429,9998.4483,교육용 가상 매핑(원본은 익명화 신호)
SIG_206,THERMAL,온도제어,쿨런트온도,degC,0.0038,841,0,9.0501,11.5411,2.3,320.05,교육용 가상 매핑(원본은 익명화 신호)
SIG_207,TRANSFER,이송,진공척흡착,kPa,0.0038,2,0,0.0013,0.0506,0.0,2.0,교육용 가상 매핑(원본은 익명화 신호)
SIG_208,METRO,계측,표면조도,nm,0.0038,1046,0,20.3762,17.4976,4.01,457.65,교육용 가상 매핑(원본은 익명화 신호)
SIG_209,CHAMBER,챔버,압력,Torr,0.0038,1549,0,73.2643,28.0671,5.359,172.349,교육용 가상 매핑(원본은 익명화 신호)
SIG_210,RF,RF전원,반사전력,W,0.0038,2,0,0.0296,1.1681,0.0,46.15,교육용 가상 매핑(원본은 익명화 신호)
SIG_211,VACUUM,진공,게이트밸브개도,%,0.0153,798,0,0.0889,0.0421,0.0319,0.5164,교육용 가상 매핑(원본은 익명화 신호)
SIG_212,GAS_MFC,가스공급,라인압력,psi,0.0153,653,0,0.0568,0.025,0.0022,0.3227,교육용 가상 매핑(원본은 익명화 신호)
SIG_213,ESC,정전척,척전압,V,0.0153,681,0,0.0514,0.0316,0.0071,0.5941,교육용 가상 매핑(원본은 익명화 신호)
SIG_214,THERMAL,온도제어,쿨런트온도,degC,0.0153,810,0,0.0603,0.053,0.0037,1.2837,교육용 가상 매핑(원본은 익명화 신호)
SIG_215,TRANSFER,이송,진공척흡착,kPa,0.0153,803,0,0.0833,0.0565,0.0193,0.7615,교육용 가상 매핑(원본은 익명화 신호)
SIG_216,METRO,계측,표면조도,nm,0.0153,823,0,0.0811,0.0304,0.0059,0.3429,교육용 가상 매핑(원본은 익명화 신호)
SIG_217,CHAMBER,챔버,압력,Torr,0.0153,728,0,0.0835,0.0258,0.0097,0.2828,교육용 가상 매핑(원본은 익명화 신호)
SIG_218,RF,RF전원,반사전력,W,0.0153,836,0,0.0716,0.0463,0.0079,0.6744,교육용 가상 매핑(원본은 익명화 신호)
SIG_219,VACUUM,진공,게이트밸브개도,%,0.0006,1539,0,3.7715,1.1704,1.034,8.8015,교육용 가상 매핑(원본은 익명화 신호)
SIG_220,GAS_MFC,가스공급,라인압력,psi,0.0077,64,0,0.0033,0.0016,0.0007,0.0163,교육용 가상 매핑(원본은 익명화 신호)
SIG_221,ESC,정전척,척전압,V,0.8558,69,0,0.0092,0.002,0.0057,0.024,교육용 가상 매핑(원본은 익명화 신호)
SIG_222,THERMAL,온도제어,쿨런트온도,degC,0.0,408,0,0.0607,0.0233,0.02,0.2305,교육용 가상 매핑(원본은 익명화 신호)
SIG_223,TRANSFER,이송,진공척흡착,kPa,0.0,178,0,0.0088,0.0559,0.0003,0.9911,교육용 가상 매핑(원본은 익명화 신호)
SIG_224,METRO,계측,표면조도,nm,0.0,973,0,122.8466,55.156,32.2637,1768.8802,교육용 가상 매핑(원본은 익명화 신호)
SIG_225,CHAMBER,챔버,압력,Torr,0.0325,720,0,0.0594,0.0712,0.0093,1.4361,교육용 가상 매핑(원본은 익명화 신호)
SIG_226,RF,RF전원,반사전력,W,0.0325,1472,0,1041.0566,433.1701,168.7998,3601.2998,교육용 가상 매핑(원본은 익명화 신호)
SIG_227,VACUUM,진공,게이트밸브개도,%,0.0038,1,1,0.0,0.0,0.0,0.0,교육용 가상 매핑(원본은 익명화 신호)
SIG_228,GAS_MFC,가스공급,라인압력,psi,0.0013,329,0,0.0191,0.0108,0.0062,0.1541,교육용 가상 매핑(원본은 익명화 신호)
SIG_229,ESC,정전척,척전압,V,0.0013,292,0,0.0178,0.0107,0.0072,0.2133,교육용 가상 매핑(원본은 익명화 신호)
SIG_230,THERMAL,온도제어,쿨런트온도,degC,0.0038,1,1,0.0,0.0,0.0,0.0,교육용 가상 매핑(원본은 익명화 신호)
SIG_231,TRANSFER,이송,진공척흡착,kPa,0.0038,1,1,0.0,0.0,0.0,0.0,교육용 가상 매핑(원본은 익명화 신호)
SIG_232,METRO,계측,표면조도,nm,0.0038,1,1,0.0,0.0,0.0,0.0,교육용 가상 매핑(원본은 익명화 신호)
SIG_233,CHAMBER,챔버,압력,Torr,0.0038,1,1,0.0,0.0,0.0,0.0,교육용 가상 매핑(원본은 익명화 신호)
SIG_234,RF,RF전원,반사전력,W,0.0038,1,1,0.0,0.0,0.0,0.0,교육용 가상 매핑(원본은 익명화 신호)
SIG_235,VACUUM,진공,게이트밸브개도,%,0.0038,1,1,0.0,0.0,0.0,0.0,교육용 가상 매핑(원본은 익명화 신호)
SIG_236,GAS_MFC,가스공급,라인압력,psi,0.0038,1,1,0.0,0.0,0.0,0.0,교육용 가상 매핑(원본은 익명화 신호)
SIG_237,ESC,정전척,척전압,V,0.0038,1,1,0.0,0.0,0.0,0.0,교육용 가상 매핑(원본은 익명화 신호)
SIG_238,THERMAL,온도제어,쿨런트온도,degC,0.0038,1,1,0.0,0.0,0.0,0.0,교육용 가상 매핑(원본은 익명화 신호)
SIG_239,TRANSFER,이송,진공척흡착,kPa,0.0013,93,0,0.0048,0.0017,0.0013,0.0244,교육용 가상 매핑(원본은 익명화 신호)
SIG_240,METRO,계측,표면조도,nm,0.0013,80,0,0.0046,0.0014,0.0014,0.0236,교육용 가상 매핑(원본은 익명화 신호)
SIG_241,CHAMBER,챔버,압력,Torr,0.0038,1,1,0.0,0.0,0.0,0.0,교육용 가상 매핑(원본은 익명화 신호)
SIG_242,RF,RF전원,반사전력,W,0.0038,1,1,0.0,0.0,0.0,0.0,교육용 가상 매핑(원본은 익명화 신호)
SIG_243,VACUUM,진공,게이트밸브개도,%,0.0038,1,1,0.0,0.0,0.0,0.0,교육용 가상 매핑(원본은 익명화 신호)
SIG_244,GAS_MFC,가스공급,라인압력,psi,0.0038,1,1,0.0,0.0,0.0,0.0,교육용 가상 매핑(원본은 익명화 신호)
SIG_245,ESC,정전척,척전압,V,0.6496,66,0,0.0058,0.0846,0.0003,1.9844,교육용 가상 매핑(원본은 익명화 신호)
SIG_246,THERMAL,온도제어,쿨런트온도,degC,0.6496,539,0,1.7297,4.3356,0.2914,99.9022,교육용 가상 매핑(원본은 익명화 신호)
SIG_247,TRANSFER,이송,진공척흡착,kPa,0.6496,547,0,4.1487,10.0451,1.1022,237.1837,교육용 가상 매핑(원본은 익명화 신호)
SIG_248,METRO,계측,표면조도,nm,0.4563,490,0,0.0534,0.0669,0.0,0.4914,교육용 가상 매핑(원본은 익명화 신호)
SIG_249,CHAMBER,챔버,압력,Torr,0.0,426,0,0.0252,0.0492,0.003,0.9732,교육용 가상 매핑(원본은 익명화 신호)
SIG_250,RF,RF전원,반사전력,W,0.0,23,0,0.0011,0.0158,0.0,0.4138,교육용 가상 매핑(원본은 익명화 신호)
SIG_251,VACUUM,진공,게이트밸브개도,%,0.0,1566,0,109.651,54.5973,21.0107,1119.7042,교육용 가상 매핑(원본은 익명화 신호)
SIG_252,GAS_MFC,가스공급,라인압력,psi,0.0,143,0,0.0043,0.0375,0.0003,0.9909,교육용 가상 매핑(원본은 익명화 신호)
SIG_253,ESC,정전척,척전압,V,0.0,1533,0,4.6451,64.3548,0.7673,2549.9885,교육용 가상 매핑(원본은 익명화 신호)
SIG_254,THERMAL,온도제어,쿨런트온도,degC,0.0153,442,0,0.0332,0.0224,0.0094,0.4517,교육용 가상 매핑(원본은 익명화 신호)
SIG_255,TRANSFER,이송,진공척흡착,kPa,0.0,291,0,0.0139,0.0091,0.0017,0.0787,교육용 가상 매핑(원본은 익명화 신호)
SIG_256,METRO,계측,표면조도,nm,0.0,1317,0,0.4038,0.1203,0.1269,0.9255,교육용 가상 매핑(원본은 익명화 신호)
SIG_257,CHAMBER,챔버,압력,Torr,0.0057,1,1,0.0,0.0,0.0,0.0,교육용 가상 매핑(원본은 익명화 신호)
SIG_258,RF,RF전원,반사전력,W,0.0057,1,1,0.0,0.0,0.0,0.0,교육용 가상 매핑(원본은 익명화 신호)
SIG_259,VACUUM,진공,게이트밸브개도,%,0.0057,1,1,0.0,0.0,0.0,0.0,교육용 가상 매핑(원본은 익명화 신호)
SIG_260,GAS_MFC,가스공급,라인압력,psi,0.0057,1,1,0.0,0.0,0.0,0.0,교육용 가상 매핑(원본은 익명화 신호)
SIG_261,ESC,정전척,척전압,V,0.0057,1,1,0.0,0.0,0.0,0.0,교육용 가상 매핑(원본은 익명화 신호)
SIG_262,THERMAL,온도제어,쿨런트온도,degC,0.0057,1,1,0.0,0.0,0.0,0.0,교육용 가상 매핑(원본은 익명화 신호)
SIG_263,TRANSFER,이송,진공척흡착,kPa,0.0057,1,1,0.0,0.0,0.0,0.0,교육용 가상 매핑(원본은 익명화 신호)
SIG_264,METRO,계측,표면조도,nm,0.0057,1,1,0.0,0.0,0.0,0.0,교육용 가상 매핑(원본은 익명화 신호)
SIG_265,CHAMBER,챔버,압력,Torr,0.0057,1,1,0.0,0.0,0.0,0.0,교육용 가상 매핑(원본은 익명화 신호)
SIG_266,RF,RF전원,반사전력,W,0.0057,1,1,0.0,0.0,0.0,0.0,교육용 가상 매핑(원본은 익명화 신호)
SIG_267,VACUUM,진공,게이트밸브개도,%,0.0057,1,1,0.0,0.0,0.0,0.0,교육용 가상 매핑(원본은 익명화 신호)
SIG_268,GAS_MFC,가스공급,라인압력,psi,0.0051,291,0,0.0706,0.0296,0.0198,0.1578,교육용 가상 매핑(원본은 익명화 신호)
SIG_269,ESC,정전척,척전압,V,0.0051,333,0,19.5047,7.3444,6.098,40.855,교육용 가상 매핑(원본은 익명화 신호)
SIG_270,THERMAL,온도제어,쿨런트온도,degC,0.0051,330,0,3.7779,1.1523,1.3017,10.1529,교육용 가상 매핑(원본은 익명화 신호)
SIG_271,TRANSFER,이송,진공척흡착,kPa,0.0032,599,0,29.2603,8.402,15.5471,158.526,교육용 가상 매핑(원본은 익명화 신호)
SIG_272,METRO,계측,표면조도,nm,0.0038,1559,0,46.0566,17.8664,10.4015,132.6479,교육용 가상 매핑(원본은 익명화 신호)
SIG_273,CHAMBER,챔버,압력,Torr,0.0045,1557,0,41.2981,17.7375,6.9431,122.1174,교육용 가상 매핑(원본은 익명화 신호)
SIG_274,RF,RF전원,반사전력,W,0.0089,518,0,20.1812,3.8305,8.6512,43.5737,교육용 가상 매핑(원본은 익명화 신호)
SIG_275,VACUUM,진공,게이트밸브개도,%,0.0089,518,0,136.2924,85.6078,0.0,659.1696,교육용 가상 매핑(원본은 익명화 신호)
SIG_276,GAS_MFC,가스공급,라인압력,psi,0.0089,458,0,8.6932,168.9494,0.0111,3332.5964,교육용 가상 매핑(원본은 익명화 신호)
SIG_277,ESC,정전척,척전압,V,0.0089,1,1,0.0,0.0,0.0,0.0,교육용 가상 매핑(원본은 익명화 신호)
SIG_278,THERMAL,온도제어,쿨런트온도,degC,0.0089,512,0,2.2107,1.1964,0.5615,32.1709,교육용 가상 매핑(원본은 익명화 신호)
SIG_279,TRANSFER,이송,진공척흡착,kPa,0.0057,22,0,0.0011,0.0003,0.0,0.0034,교육용 가상 매핑(원본은 익명화 신호)
SIG_280,METRO,계측,표면조도,nm,0.0013,541,0,0.0411,0.0203,0.0107,0.1884,교육용 가상 매핑(원본은 익명화 신호)
SIG_281,CHAMBER,챔버,압력,Torr,0.0013,246,0,0.018,0.0065,0.0073,0.0755,교육용 가상 매핑(원본은 익명화 신호)
SIG_282,RF,RF전원,반사전력,W,0.0013,227,0,0.0151,0.0055,0.0069,0.0597,교육용 가상 매핑(원본은 익명화 신호)
SIG_283,VACUUM,진공,게이트밸브개도,%,0.0013,114,0,0.0058,0.0086,0.0016,0.3083,교육용 가상 매핑(원본은 익명화 신호)
SIG_284,GAS_MFC,가스공급,라인압력,psi,0.0013,1515,0,2.804,5.8643,0.505,232.8049,교육용 가상 매핑(원본은 익명화 신호)
SIG_285,ESC,정전척,척전압,V,0.0019,1,1,0.0,0.0,0.0,0.0,교육용 가상 매핑(원본은 익명화 신호)
SIG_286,THERMAL,온도제어,쿨런트온도,degC,0.0019,1527,0,2.1198,0.9629,0.4611,6.8698,교육용 가상 매핑(원본은 익명화 신호)
SIG_287,TRANSFER,이송,진공척흡착,kPa,0.0019,1540,0,4.26,9.7638,0.728,207.0161,교육용 가상 매핑(원본은 익명화 신호)
SIG_288,METRO,계측,표면조도,nm,0.0019,1076,0,0.3675,7.3863,0.0513,292.2274,교육용 가상 매핑(원본은 익명화 신호)
SIG_289,CHAMBER,챔버,압력,Torr,0.0019,87,0,0.0039,0.0029,0.0012,0.0749,교육용 가상 매핑(원본은 익명화 신호)
SIG_290,RF,RF전원,반사전력,W,0.0019,1522,0,2.5786,1.617,0.396,59.5187,교육용 가상 매핑(원본은 익명화 신호)
SIG_291,VACUUM,진공,게이트밸브개도,%,0.0064,324,0,0.1234,0.271,0.0416,4.4203,교육용 가상 매핑(원본은 익명화 신호)
SIG_292,GAS_MFC,가스공급,라인압력,psi,0.0,354,0,0.0199,0.0255,0.0038,0.6915,교육용 가상 매핑(원본은 익명화 신호)
SIG_293,ESC,정전척,척전압,V,0.9119,92,0,0.0145,0.0115,0.0041,0.0831,교육용 가상 매핑(원본은 익명화 신호)
SIG_294,THERMAL,온도제어,쿨런트온도,degC,0.9119,138,0,335.5512,137.6925,82.3233,879.226,교육용 가상 매핑(원본은 익명화 신호)
SIG_295,TRANSFER,이송,진공척흡착,kPa,0.0013,1562,0,401.8148,477.0501,0.0,3933.755,교육용 가상 매핑(원본은 익명화 신호)
SIG_296,METRO,계측,표면조도,nm,0.0013,1561,0,252.9991,283.5307,0.0,2005.8744,교육용 가상 매핑(원본은 익명화 신호)
SIG_297,CHAMBER,챔버,압력,Torr,0.0013,1565,0,1879.2284,1975.1114,0.0,15559.9525,교육용 가상 매핑(원본은 익명화 신호)
SIG_298,RF,RF전원,반사전력,W,0.0013,1559,0,2342.827,3226.9243,0.0,18520.4683,교육용 가상 매핑(원본은 익명화 신호)
SIG_299,VACUUM,진공,게이트밸브개도,%,0.0013,725,0,0.0638,0.0642,0.0,0.5264,교육용 가상 매핑(원본은 익명화 신호)
SIG_300,GAS_MFC,가스공급,라인압력,psi,0.0013,626,0,0.0603,0.1308,0.0,1.0312,교육용 가상 매핑(원본은 익명화 신호)
SIG_301,ESC,정전척,척전압,V,0.0013,967,0,0.1184,0.2191,0.0,1.8123,교육용 가상 매핑(원본은 익명화 신호)
SIG_302,THERMAL,온도제어,쿨런트온도,degC,0.0013,1134,0,0.9101,0.332,0.31,5.711,교육용 가상 매핑(원본은 익명화 신호)
SIG_303,TRANSFER,이송,진공척흡착,kPa,0.0013,569,0,0.4033,0.1975,0.1118,5.1549,교육용 가상 매핑(원본은 익명화 신호)
SIG_304,METRO,계측,표면조도,nm,0.0013,509,0,0.0403,0.0145,0.0108,0.2258,교육용 가상 매핑(원본은 익명화 신호)
SIG_305,CHAMBER,챔버,압력,Torr,0.0013,1105,0,0.1321,0.0649,0.0138,0.3337,교육용 가상 매핑(원본은 익명화 신호)
SIG_306,RF,RF전원,반사전력,W,0.0006,314,0,0.2649,0.0574,0.1171,0.475,교육용 가상 매핑(원본은 익명화 신호)
SIG_307,VACUUM,진공,게이트밸브개도,%,0.0006,262,0,0.0486,0.0254,0.0034,0.2246,교육용 가상 매핑(원본은 익명화 신호)
SIG_308,GAS_MFC,가스공급,라인압력,psi,0.0006,286,0,0.1289,0.0275,0.0549,0.2112,교육용 가상 매핑(원본은 익명화 신호)
SIG_309,ESC,정전척,척전압,V,0.0006,293,0,0.2184,0.0336,0.0913,0.3239,교육용 가상 매핑(원본은 익명화 신호)
SIG_310,THERMAL,온도제어,쿨런트온도,degC,0.0006,290,0,0.1289,0.0275,0.0549,0.2112,교육용 가상 매핑(원본은 익명화 신호)
SIG_311,TRANSFER,이송,진공척흡착,kPa,0.0006,310,0,0.3048,0.0435,0.1809,0.4438,교육용 가상 매핑(원본은 익명화 신호)
SIG_312,METRO,계측,표면조도,nm,0.0006,276,0,0.0973,0.0288,0.0328,0.1784,교육용 가상 매핑(원본은 익명화 신호)
SIG_313,CHAMBER,챔버,압력,Torr,0.0006,307,0,0.1601,0.1173,0.0224,0.7549,교육용 가상 매핑(원본은 익명화 신호)
SIG_314,RF,RF전원,반사전력,W,0.0153,1,1,0.0,0.0,0.0,0.0,교육용 가상 매핑(원본은 익명화 신호)
SIG_315,VACUUM,진공,게이트밸브개도,%,0.0153,1,1,0.0,0.0,0.0,0.0,교육용 가상 매핑(원본은 익명화 신호)
SIG_316,GAS_MFC,가스공급,라인압력,psi,0.0006,1,1,0.0,0.0,0.0,0.0,교육용 가상 매핑(원본은 익명화 신호)
SIG_317,ESC,정전척,척전압,V,0.0006,1533,0,5.977,1.0186,2.7882,13.0958,교육용 가상 매핑(원본은 익명화 신호)
SIG_318,THERMAL,온도제어,쿨런트온도,degC,0.0006,1160,0,0.1726,0.0724,0.0283,1.0034,교육용 가상 매핑(원본은 익명화 신호)
SIG_319,TRANSFER,이송,진공척흡착,kPa,0.0006,1535,0,3.1888,1.2159,0.9848,15.8934,교육용 가상 매핑(원본은 익명화 신호)
SIG_320,METRO,계측,표면조도,nm,0.0006,1550,0,7.916,2.1791,1.6574,20.0455,교육용 가상 매핑(원본은 익명화 신호)
SIG_321,CHAMBER,챔버,압력,Torr,0.0006,550,0,0.0431,0.0319,0.0084,0.9474,교육용 가상 매핑(원본은 익명화 신호)
SIG_322,RF,RF전원,반사전력,W,0.0006,1511,0,2.2637,2.117,0.6114,79.1515,교육용 가상 매핑(원본은 익명화 신호)
SIG_323,VACUUM,진공,게이트밸브개도,%,0.0006,1,1,0.0,0.0,0.0,0.0,교육용 가상 매핑(원본은 익명화 신호)
SIG_324,GAS_MFC,가스공급,라인압력,psi,0.0006,1536,0,5.3934,2.5189,1.7101,89.1917,교육용 가상 매핑(원본은 익명화 신호)
SIG_325,ESC,정전척,척전압,V,0.0006,1560,0,13.3322,6.6158,2.2345,51.8678,교육용 가상 매핑(원본은 익명화 신호)
SIG_326,THERMAL,온도제어,쿨런트온도,degC,0.0006,1,1,0.0,0.0,0.0,0.0,교육용 가상 매핑(원본은 익명화 신호)
SIG_327,TRANSFER,이송,진공척흡착,kPa,0.0026,1,1,0.0,0.0,0.0,0.0,교육용 가상 매핑(원본은 익명화 신호)
SIG_328,METRO,계측,표면조도,nm,0.0026,1,1,0.0,0.0,0.0,0.0,교육용 가상 매핑(원본은 익명화 신호)
SIG_329,CHAMBER,챔버,압력,Torr,0.0026,1,1,0.0,0.0,0.0,0.0,교육용 가상 매핑(원본은 익명화 신호)
SIG_330,RF,RF전원,반사전력,W,0.0026,1,1,0.0,0.0,0.0,0.0,교육용 가상 매핑(원본은 익명화 신호)
SIG_331,VACUUM,진공,게이트밸브개도,%,0.0026,1,1,0.0,0.0,0.0,0.0,교육용 가상 매핑(원본은 익명화 신호)
SIG_332,GAS_MFC,가스공급,라인압력,psi,0.0026,313,0,0.0832,0.0634,0.0224,1.0959,교육용 가상 매핑(원본은 익명화 신호)
SIG_333,ESC,정전척,척전압,V,0.0045,1517,0,2.5935,5.6452,0.5373,174.8944,교육용 가상 매핑(원본은 익명화 신호)
SIG_334,THERMAL,온도제어,쿨런트온도,degC,0.0038,1527,0,6.2159,3.4034,2.8372,90.5159,교육용 가상 매핑(원본은 익명화 신호)
SIG_335,TRANSFER,이송,진공척흡착,kPa,0.0038,1145,0,0.1684,0.1729,0.0282,3.4125,교육용 가상 매핑(원본은 익명화 신호)
SIG_336,METRO,계측,표면조도,nm,0.0038,1526,0,3.4269,5.7816,0.7899,172.7119,교육용 가상 매핑(원본은 익명화 신호)
SIG_337,CHAMBER,챔버,압력,Torr,0.0045,1532,0,9.7364,7.5561,5.2151,214.8628,교육용 가상 매핑(원본은 익명화 신호)
SIG_338,RF,RF전원,반사전력,W,0.0045,1517,0,2.3275,1.6994,0.0,38.8995,교육용 가상 매핑(원본은 익명화 신호)
SIG_339,VACUUM,진공,게이트밸브개도,%,0.0045,1520,0,3.0376,5.645,0.0,196.688,교육용 가상 매핑(원본은 익명화 신호)
SIG_340,GAS_MFC,가스공급,라인압력,psi,0.0038,1543,0,9.329,6.0747,2.2001,197.4988,교육용 가상 매핑(원본은 익명화 신호)
SIG_341,ESC,정전척,척전압,V,0.0038,761,0,14.6735,261.7385,0.0131,5043.8789,교육용 가상 매핑(원본은 익명화 신호)
SIG_342,THERMAL,온도제어,쿨런트온도,degC,0.0038,1517,0,2.7321,3.6679,0.5741,97.7089,교육용 가상 매핑(원본은 익명화 신호)
SIG_343,TRANSFER,이송,진공척흡착,kPa,0.0038,2,0,0.0003,0.0113,0.0,0.4472,교육용 가상 매핑(원본은 익명화 신호)
SIG_344,METRO,계측,표면조도,nm,0.0038,1541,0,6.1985,5.3718,1.2565,156.336,교육용 가상 매핑(원본은 익명화 신호)
SIG_345,CHAMBER,챔버,압력,Torr,0.0038,1551,0,23.2171,8.8952,2.056,59.3241,교육용 가상 매핑(원본은 익명화 신호)
SIG_346,RF,RF전원,반사전력,W,0.5067,767,0,7.9584,17.513,1.7694,257.0106,교육용 가상 매핑(원본은 익명화 신호)
SIG_347,VACUUM,진공,게이트밸브개도,%,0.5067,762,0,5.7702,17.0775,1.0177,187.7589,교육용 가상 매핑(원본은 익명화 신호)
SIG_348,GAS_MFC,가스공급,라인압력,psi,0.0038,2,0,0.0089,0.3522,0.0,13.9147,교육용 가상 매핑(원본은 익명화 신호)
SIG_349,ESC,정전척,척전압,V,0.0153,357,0,0.0247,0.0119,0.0103,0.22,교육용 가상 매핑(원본은 익명화 신호)
SIG_350,THERMAL,온도제어,쿨런트온도,degC,0.0153,373,0,0.0253,0.0106,0.001,0.1339,교육용 가상 매핑(원본은 익명화 신호)
SIG_351,TRANSFER,이송,진공척흡착,kPa,0.0153,435,0,0.0232,0.0143,0.0029,0.2914,교육용 가상 매핑(원본은 익명화 신호)
SIG_352,METRO,계측,표면조도,nm,0.0153,499,0,0.0276,0.0246,0.002,0.6188,교육용 가상 매핑(원본은 익명화 신호)
SIG_353,CHAMBER,챔버,압력,Torr,0.0153,354,0,0.0234,0.0132,0.0056,0.1429,교육용 가상 매핑(원본은 익명화 신호)
SIG_354,RF,RF전원,반사전력,W,0.0153,563,0,0.0403,0.0155,0.0026,0.1535,교육용 가상 매핑(원본은 익명화 신호)
SIG_355,VACUUM,진공,게이트밸브개도,%,0.0153,486,0,0.0419,0.0131,0.004,0.1344,교육용 가상 매핑(원본은 익명화 신호)
SIG_356,GAS_MFC,가스공급,라인압력,psi,0.0153,572,0,0.0345,0.0223,0.0038,0.2789,교육용 가상 매핑(원본은 익명화 신호)
SIG_357,ESC,정전척,척전압,V,0.0006,1473,0,1.2986,0.3869,0.3796,2.8348,교육용 가상 매핑(원본은 익명화 신호)
SIG_358,THERMAL,온도제어,쿨런트온도,degC,0.0077,28,0,0.001,0.0005,0.0003,0.0052,교육용 가상 매핑(원본은 익명화 신호)
SIG_359,TRANSFER,이송,진공척흡착,kPa,0.8558,20,0,0.0024,0.0004,0.0017,0.0047,교육용 가상 매핑(원본은 익명화 신호)
SIG_360,METRO,계측,표면조도,nm,0.0,215,0,0.0198,0.0071,0.0076,0.0888,교육용 가상 매핑(원본은 익명화 신호)
SIG_361,CHAMBER,챔버,압력,Torr,0.0,97,0,0.0029,0.02,0.0001,0.409,교육용 가상 매핑(원본은 익명화 신호)
SIG_362,RF,RF전원,반사전력,W,0.0,972,0,39.9364,17.0563,10.7204,547.1722,교육용 가상 매핑(원본은 익명화 신호)
SIG_363,VACUUM,진공,게이트밸브개도,%,0.0325,389,0,0.0184,0.0216,0.0028,0.4163,교육용 가상 매핑(원본은 익명화 신호)
SIG_364,GAS_MFC,가스공급,라인압력,psi,0.0325,1516,0,333.3196,138.8019,60.9882,1072.2031,교육용 가상 매핑(원본은 익명화 신호)
SIG_365,ESC,정전척,척전압,V,0.0038,1,1,0.0,0.0,0.0,0.0,교육용 가상 매핑(원본은 익명화 신호)
SIG_366,THERMAL,온도제어,쿨런트온도,degC,0.0013,120,0,0.0052,0.0027,0.0017,0.0368,교육용 가상 매핑(원본은 익명화 신호)
SIG_367,TRANSFER,이송,진공척흡착,kPa,0.0013,107,0,0.0048,0.0024,0.002,0.0392,교육용 가상 매핑(원본은 익명화 신호)
SIG_368,METRO,계측,표면조도,nm,0.0038,113,0,0.0038,0.0027,0.0,0.0357,교육용 가상 매핑(원본은 익명화 신호)
SIG_369,CHAMBER,챔버,압력,Torr,0.0038,97,0,0.0032,0.0021,0.0,0.0334,교육용 가상 매핑(원본은 익명화 신호)
SIG_370,RF,RF전원,반사전력,W,0.0038,1,1,0.0,0.0,0.0,0.0,교육용 가상 매핑(원본은 익명화 신호)
SIG_371,VACUUM,진공,게이트밸브개도,%,0.0038,1,1,0.0,0.0,0.0,0.0,교육용 가상 매핑(원본은 익명화 신호)
SIG_372,GAS_MFC,가스공급,라인압력,psi,0.0038,1,1,0.0,0.0,0.0,0.0,교육용 가상 매핑(원본은 익명화 신호)
SIG_373,ESC,정전척,척전압,V,0.0038,1,1,0.0,0.0,0.0,0.0,교육용 가상 매핑(원본은 익명화 신호)
SIG_374,THERMAL,온도제어,쿨런트온도,degC,0.0038,1,1,0.0,0.0,0.0,0.0,교육용 가상 매핑(원본은 익명화 신호)
SIG_375,TRANSFER,이송,진공척흡착,kPa,0.0038,1,1,0.0,0.0,0.0,0.0,교육용 가상 매핑(원본은 익명화 신호)
SIG_376,METRO,계측,표면조도,nm,0.0038,1,1,0.0,0.0,0.0,0.0,교육용 가상 매핑(원본은 익명화 신호)
SIG_377,CHAMBER,챔버,압력,Torr,0.0013,36,0,0.0016,0.0005,0.0004,0.0082,교육용 가상 매핑(원본은 익명화 신호)
SIG_378,RF,RF전원,반사전력,W,0.0013,31,0,0.0016,0.0005,0.0004,0.0077,교육용 가상 매핑(원본은 익명화 신호)
SIG_379,VACUUM,진공,게이트밸브개도,%,0.0038,1,1,0.0,0.0,0.0,0.0,교육용 가상 매핑(원본은 익명화 신호)
SIG_380,GAS_MFC,가스공급,라인압력,psi,0.0038,1,1,0.0,0.0,0.0,0.0,교육용 가상 매핑(원본은 익명화 신호)
SIG_381,ESC,정전척,척전압,V,0.0038,1,1,0.0,0.0,0.0,0.0,교육용 가상 매핑(원본은 익명화 신호)
SIG_382,THERMAL,온도제어,쿨런트온도,degC,0.0038,1,1,0.0,0.0,0.0,0.0,교육용 가상 매핑(원본은 익명화 신호)
SIG_383,TRANSFER,이송,진공척흡착,kPa,0.6496,29,0,0.0018,0.0267,0.0001,0.6271,교육용 가상 매핑(원본은 익명화 신호)
SIG_384,METRO,계측,표면조도,nm,0.6496,525,0,0.541,1.341,0.0875,30.9982,교육용 가상 매핑(원본은 익명화 신호)
SIG_385,CHAMBER,챔버,압력,Torr,0.6496,536,0,1.2854,3.1684,0.3383,74.8445,교육용 가상 매핑(원본은 익명화 신호)
SIG_386,RF,RF전원,반사전력,W,0.4563,232,0,0.0114,0.0144,0.0,0.2073,교육용 가상 매핑(원본은 익명화 신호)
SIG_387,VACUUM,진공,게이트밸브개도,%,0.0,191,0,0.0083,0.0155,0.0008,0.3068,교육용 가상 매핑(원본은 익명화 신호)
SIG_388,GAS_MFC,가스공급,라인압력,psi,0.0,22,0,0.0003,0.005,0.0,0.1309,교육용 가상 매핑(원본은 익명화 신호)
SIG_389,ESC,정전척,척전압,V,0.0,1564,0,35.1551,17.227,6.3101,348.8293,교육용 가상 매핑(원본은 익명화 신호)
SIG_390,THERMAL,온도제어,쿨런트온도,degC,0.0,92,0,0.0013,0.0118,0.0001,0.3127,교육용 가상 매핑(원본은 익명화 신호)
SIG_391,TRANSFER,이송,진공척흡착,kPa,0.0,1458,0,1.4319,20.3264,0.3046,805.3936,교육용 가상 매핑(원본은 익명화 신호)
SIG_392,METRO,계측,표면조도,nm,0.0153,183,0,0.011,0.0067,0.0031,0.1375,교육용 가상 매핑(원본은 익명화 신호)
SIG_393,CHAMBER,챔버,압력,Torr,0.0,109,0,0.0045,0.003,0.0005,0.0229,교육용 가상 매핑(원본은 익명화 신호)
SIG_394,RF,RF전원,반사전력,W,0.0,953,0,0.134,0.0384,0.0342,0.2994,교육용 가상 매핑(원본은 익명화 신호)
SIG_395,VACUUM,진공,게이트밸브개도,%,0.0057,1,1,0.0,0.0,0.0,0.0,교육용 가상 매핑(원본은 익명화 신호)
SIG_396,GAS_MFC,가스공급,라인압력,psi,0.0057,1,1,0.0,0.0,0.0,0.0,교육용 가상 매핑(원본은 익명화 신호)
SIG_397,ESC,정전척,척전압,V,0.0057,1,1,0.0,0.0,0.0,0.0,교육용 가상 매핑(원본은 익명화 신호)
SIG_398,THERMAL,온도제어,쿨런트온도,degC,0.0057,1,1,0.0,0.0,0.0,0.0,교육용 가상 매핑(원본은 익명화 신호)
SIG_399,TRANSFER,이송,진공척흡착,kPa,0.0057,1,1,0.0,0.0,0.0,0.0,교육용 가상 매핑(원본은 익명화 신호)
SIG_400,METRO,계측,표면조도,nm,0.0057,1,1,0.0,0.0,0.0,0.0,교육용 가상 매핑(원본은 익명화 신호)
SIG_401,CHAMBER,챔버,압력,Torr,0.0057,1,1,0.0,0.0,0.0,0.0,교육용 가상 매핑(원본은 익명화 신호)
SIG_402,RF,RF전원,반사전력,W,0.0057,1,1,0.0,0.0,0.0,0.0,교육용 가상 매핑(원본은 익명화 신호)
SIG_403,VACUUM,진공,게이트밸브개도,%,0.0057,1,1,0.0,0.0,0.0,0.0,교육용 가상 매핑(원본은 익명화 신호)
SIG_404,GAS_MFC,가스공급,라인압력,psi,0.0057,1,1,0.0,0.0,0.0,0.0,교육용 가상 매핑(원본은 익명화 신호)
SIG_405,ESC,정전척,척전압,V,0.0057,1,1,0.0,0.0,0.0,0.0,교육용 가상 매핑(원본은 익명화 신호)
SIG_406,THERMAL,온도제어,쿨런트온도,degC,0.0051,228,0,0.0242,0.0107,0.0062,0.0514,교육용 가상 매핑(원본은 익명화 신호)
SIG_407,TRANSFER,이송,진공척흡착,kPa,0.0051,335,0,6.7306,2.8296,2.0545,14.7277,교육용 가상 매핑(원본은 익명화 신호)
SIG_408,METRO,계측,표면조도,nm,0.0051,331,0,1.232,0.3647,0.424,3.3128,교육용 가상 매핑(원본은 익명화 신호)
SIG_409,CHAMBER,챔버,압력,Torr,0.0032,593,0,5.3409,2.5781,2.7378,44.31,교육용 가상 매핑(원본은 익명화 신호)
SIG_410,RF,RF전원,반사전력,W,0.0038,1548,0,4.5804,1.7768,1.2163,9.5765,교육용 가상 매핑(원본은 익명화 신호)
SIG_411,VACUUM,진공,게이트밸브개도,%,0.0045,1545,0,4.9293,2.123,0.7342,13.8071,교육용 가상 매핑(원본은 익명화 신호)
SIG_412,GAS_MFC,가스공급,라인압력,psi,0.0089,509,0,2.6161,0.5515,0.9609,6.215,교육용 가상 매핑(원본은 익명화 신호)
SIG_413,ESC,정전척,척전압,V,0.0089,518,0,30.9113,18.4136,0.0,128.2816,교육용 가상 매핑(원본은 익명화 신호)
SIG_414,THERMAL,온도제어,쿨런트온도,degC,0.0089,518,0,25.6127,47.3085,4.0416,899.119,교육용 가상 매핑(원본은 익명화 신호)
SIG_415,TRANSFER,이송,진공척흡착,kPa,0.0089,1,1,0.0,0.0,0.0,0.0,교육용 가상 매핑(원본은 익명화 신호)
SIG_416,METRO,계측,표면조도,nm,0.0089,513,0,6.6306,3.9584,1.534,116.8615,교육용 가상 매핑(원본은 익명화 신호)
SIG_417,CHAMBER,챔버,압력,Torr,0.0057,510,0,3.4043,1.0354,0.0,9.69,교육용 가상 매핑(원본은 익명화 신호)
SIG_418,RF,RF전원,반사전력,W,0.0013,1551,0,8.1909,4.0545,2.1531,39.0376,교육용 가상 매핑(원본은 익명화 신호)
SIG_419,VACUUM,진공,게이트밸브개도,%,0.0013,1051,0,320.2592,287.7045,0.0,999.316,교육용 가상 매핑(원본은 익명화 신호)
SIG_420,GAS_MFC,가스공급,라인압력,psi,0.0013,851,0,309.0613,325.4484,0.0,998.6813,교육용 가상 매핑(원본은 익명화 신호)
SIG_421,ESC,정전척,척전압,V,0.0013,1514,0,1.8213,3.0577,0.4411,111.4956,교육용 가상 매핑(원본은 익명화 신호)
SIG_422,THERMAL,온도제어,쿨런트온도,degC,0.0013,1534,0,4.1745,6.9139,0.7217,273.0952,교육용 가상 매핑(원본은 익명화 신호)
SIG_423,TRANSFER,이송,진공척흡착,kPa,0.0019,1,1,0.0,0.0,0.0,0.0,교육용 가상 매핑(원본은 익명화 신호)
SIG_424,METRO,계측,표면조도,nm,0.0019,1563,0,77.6604,32.5969,23.02,424.2152,교육용 가상 매핑(원본은 익명화 신호)
SIG_425,CHAMBER,챔버,압력,Torr,0.0019,1529,0,3.3155,6.3254,0.4866,103.1809,교육용 가상 매핑(원본은 익명화 신호)
SIG_426,RF,RF전원,반사전력,W,0.0019,1540,0,6.7963,23.2577,1.4666,898.6085,교육용 가상 매핑(원본은 익명화 신호)
SIG_427,VACUUM,진공,게이트밸브개도,%,0.0019,1481,0,1.2339,0.9956,0.3632,24.9904,교육용 가상 매핑(원본은 익명화 신호)
SIG_428,GAS_MFC,가스공급,라인압력,psi,0.0019,1538,0,4.0585,3.0421,0.6637,113.223,교육용 가상 매핑(원본은 익명화 신호)
SIG_429,ESC,정전척,척전압,V,0.0064,404,0,4.2207,10.6327,1.1198,118.7533,교육용 가상 매핑(원본은 익명화 신호)
SIG_430,THERMAL,온도제어,쿨런트온도,degC,0.0,1542,0,4.1718,6.4354,0.7837,186.6164,교육용 가상 매핑(원본은 익명화 신호)
SIG_431,TRANSFER,이송,진공척흡착,kPa,0.0013,1551,0,18.4216,36.0601,0.0,400.0,교육용 가상 매핑(원본은 익명화 신호)
SIG_432,METRO,계측,표면조도,nm,0.0013,1553,0,22.3583,36.3954,0.0,400.0,교육용 가상 매핑(원본은 익명화 신호)
SIG_433,CHAMBER,챔버,압력,Torr,0.0013,1503,0,99.3676,126.1887,0.0,994.2857,교육용 가상 매핑(원본은 익명화 신호)
SIG_434,RF,RF전원,반사전력,W,0.0013,1371,0,205.5193,225.7789,0.0,995.7447,교육용 가상 매핑(원본은 익명화 신호)
SIG_435,VACUUM,진공,게이트밸브개도,%,0.0013,1537,0,14.7339,34.1089,0.0,400.0,교육용 가상 매핑(원본은 익명화 신호)
SIG_436,GAS_MFC,가스공급,라인압력,psi,0.0013,1524,0,9.3707,34.3698,0.0,400.0,교육용 가상 매핑(원본은 익명화 신호)
SIG_437,ESC,정전척,척전압,V,0.0013,1539,0,7.5133,34.5578,0.0,400.0,교육용 가상 매핑(원본은 익명화 신호)
SIG_438,THERMAL,온도제어,쿨런트온도,degC,0.0013,1495,0,4.0168,1.6113,1.1568,32.274,교육용 가상 매핑(원본은 익명화 신호)
SIG_439,TRANSFER,이송,진공척흡착,kPa,0.0013,967,0,54.7011,34.1081,0.0,851.6129,교육용 가상 매핑(원본은 익명화 신호)
SIG_440,METRO,계측,표면조도,nm,0.0013,1550,0,70.6439,38.3762,14.1206,657.7621,교육용 가상 매핑(원본은 익명화 신호)
SIG_441,CHAMBER,챔버,압력,Torr,0.0013,1557,0,11.5266,6.1695,1.0973,33.058,교육용 가상 매핑(원본은 익명화 신호)
SIG_442,RF,RF전원,반사전력,W,0.0006,325,0,0.8021,0.1842,0.3512,1.2771,교육용 가상 매핑(원본은 익명화 신호)
SIG_443,VACUUM,진공,게이트밸브개도,%,0.0006,335,0,1.3453,0.6592,0.0974,5.1317,교육용 가상 매핑(원본은 익명화 신호)
SIG_444,GAS_MFC,가스공급,라인압력,psi,0.0006,330,0,0.6339,0.1436,0.2169,1.0851,교육용 가상 매핑(원본은 익명화 신호)
SIG_445,ESC,정전척,척전압,V,0.0006,325,0,0.895,0.1555,0.3336,1.3511,교육용 가상 매핑(원본은 익명화 신호)
SIG_446,THERMAL,온도제어,쿨런트온도,degC,0.0006,329,0,0.6471,0.1413,0.3086,1.1087,교육용 가상 매핑(원본은 익명화 신호)
SIG_447,TRANSFER,이송,진공척흡착,kPa,0.0006,338,0,1.175,0.1762,0.6968,1.7639,교육용 가상 매핑(원본은 익명화 신호)
SIG_448,METRO,계측,표면조도,nm,0.0006,317,0,0.2819,0.0865,0.0846,0.5085,교육용 가상 매핑(원본은 익명화 신호)
SIG_449,CHAMBER,챔버,압력,Torr,0.0006,326,0,0.3323,0.2363,0.0399,1.4754,교육용 가상 매핑(원본은 익명화 신호)
SIG_450,RF,RF전원,반사전력,W,0.0153,1,1,0.0,0.0,0.0,0.0,교육용 가상 매핑(원본은 익명화 신호)
SIG_451,VACUUM,진공,게이트밸브개도,%,0.0153,1,1,0.0,0.0,0.0,0.0,교육용 가상 매핑(원본은 익명화 신호)
SIG_452,GAS_MFC,가스공급,라인압력,psi,0.0006,1,1,0.0,0.0,0.0,0.0,교육용 가상 매핑(원본은 익명화 신호)
SIG_453,ESC,정전척,척전압,V,0.0006,1518,0,5.3468,0.9192,2.6709,13.9776,교육용 가상 매핑(원본은 익명화 신호)
SIG_454,THERMAL,온도제어,쿨런트온도,degC,0.0006,1550,0,5.461,2.2508,0.9037,34.4902,교육용 가상 매핑(원본은 익명화 신호)
SIG_455,TRANSFER,이송,진공척흡착,kPa,0.0006,1555,0,7.8837,3.0597,2.3294,42.0703,교육용 가상 매핑(원본은 익명화 신호)
SIG_456,METRO,계측,표면조도,nm,0.0006,1527,0,3.6366,0.9384,0.6948,10.184,교육용 가상 매핑(원본은 익명화 신호)
SIG_457,CHAMBER,챔버,압력,Torr,0.0006,1551,0,12.3257,8.1259,3.0489,232.1258,교육용 가상 매핑(원본은 익명화 신호)
SIG_458,RF,RF전원,반사전력,W,0.0006,1547,0,5.2637,4.5377,1.4428,164.1093,교육용 가상 매핑(원본은 익명화 신호)
SIG_459,VACUUM,진공,게이트밸브개도,%,0.0006,1,1,0.0,0.0,0.0,0.0,교육용 가상 매핑(원본은 익명화 신호)
SIG_460,GAS_MFC,가스공급,라인압력,psi,0.0006,1518,0,2.8384,1.3456,0.991,47.7772,교육용 가상 매핑(원본은 익명화 신호)
SIG_461,ESC,정전척,척전압,V,0.0006,1564,0,29.1974,13.3352,7.9534,149.3851,교육용 가상 매핑(원본은 익명화 신호)
SIG_462,THERMAL,온도제어,쿨런트온도,degC,0.0006,1,1,0.0,0.0,0.0,0.0,교육용 가상 매핑(원본은 익명화 신호)
SIG_463,TRANSFER,이송,진공척흡착,kPa,0.0026,1,1,0.0,0.0,0.0,0.0,교육용 가상 매핑(원본은 익명화 신호)
SIG_464,METRO,계측,표면조도,nm,0.0026,1,1,0.0,0.0,0.0,0.0,교육용 가상 매핑(원본은 익명화 신호)
SIG_465,CHAMBER,챔버,압력,Torr,0.0026,1,1,0.0,0.0,0.0,0.0,교육용 가상 매핑(원본은 익명화 신호)
SIG_466,RF,RF전원,반사전력,W,0.0026,1,1,0.0,0.0,0.0,0.0,교육용 가상 매핑(원본은 익명화 신호)
SIG_467,VACUUM,진공,게이트밸브개도,%,0.0026,1,1,0.0,0.0,0.0,0.0,교육용 가상 매핑(원본은 익명화 신호)
SIG_468,GAS_MFC,가스공급,라인압력,psi,0.0026,417,0,6.2521,8.6737,1.7163,109.0074,교육용 가상 매핑(원본은 익명화 신호)
SIG_469,ESC,정전척,척전압,V,0.0045,1317,0,224.173,230.7669,0.0,999.877,교육용 가상 매핑(원본은 익명화 신호)
SIG_470,THERMAL,온도제어,쿨런트온도,degC,0.0038,1514,0,5.6623,3.1517,2.6009,77.8007,교육용 가상 매핑(원본은 익명화 신호)
SIG_471,TRANSFER,이송,진공척흡착,kPa,0.0038,1547,0,5.3678,4.9834,0.8325,87.1347,교육용 가상 매핑(원본은 익명화 신호)
SIG_472,METRO,계측,표면조도,nm,0.0038,1552,0,9.6388,10.1741,2.4026,212.6557,교육용 가상 매핑(원본은 익명화 신호)
SIG_473,CHAMBER,챔버,압력,Torr,0.0045,1560,0,137.8884,47.698,11.4997,492.7718,교육용 가상 매핑(원본은 익명화 신호)
SIG_474,RF,RF전원,반사전력,W,0.0045,1558,0,39.4268,22.4571,0.0,358.9504,교육용 가상 매핑(원본은 익명화 신호)
SIG_475,VACUUM,진공,게이트밸브개도,%,0.0045,1559,0,37.637,24.8229,0.0,415.4355,교육용 가상 매핑(원본은 익명화 신호)
SIG_476,GAS_MFC,가스공급,라인압력,psi,0.0038,1526,0,4.2626,2.6112,1.1011,79.1162,교육용 가상 매핑(원본은 익명화 신호)
SIG_477,ESC,정전척,척전압,V,0.0038,1559,0,20.1322,14.9396,0.0,274.8871,교육용 가상 매핑(원본은 익명화 신호)
SIG_478,THERMAL,온도제어,쿨런트온도,degC,0.0038,1537,0,6.2579,10.185,1.6872,289.8264,교육용 가상 매핑(원본은 익명화 신호)
SIG_479,TRANSFER,이송,진공척흡착,kPa,0.0038,2,0,0.1281,5.0621,0.0,200.0,교육용 가상 매핑(원본은 익명화 신호)
SIG_480,METRO,계측,표면조도,nm,0.0038,1507,0,3.2834,2.6386,0.6459,63.3336,교육용 가상 매핑(원본은 익명화 신호)
SIG_481,CHAMBER,챔버,압력,Torr,0.0038,1560,0,75.5381,35.7525,8.8406,221.9747,교육용 가상 매핑(원본은 익명화 신호)
SIG_482,RF,RF전원,반사전력,W,0.0038,1,1,0.0,0.0,0.0,0.0,교육용 가상 매핑(원본은 익명화 신호)
SIG_483,VACUUM,진공,게이트밸브개도,%,0.0153,1062,0,318.4184,281.0113,0.0,999.4135,교육용 가상 매핑(원본은 익명화 신호)
SIG_484,GAS_MFC,가스공급,라인압력,psi,0.0153,1402,0,206.5642,192.8644,0.0,989.4737,교육용 가상 매핑(원본은 익명화 신호)
SIG_485,ESC,정전척,척전압,V,0.0153,1324,0,215.2889,213.1266,0.0,996.8586,교육용 가상 매핑(원본은 익명화 신호)
SIG_486,THERMAL,온도제어,쿨런트온도,degC,0.0153,1358,0,201.1117,218.69,0.0,994.0,교육용 가상 매핑(원본은 익명화 신호)
SIG_487,TRANSFER,이송,진공척흡착,kPa,0.0153,1039,0,302.5062,287.3641,0.0,999.4911,교육용 가상 매핑(원본은 익명화 신호)
SIG_488,METRO,계측,표면조도,nm,0.0153,1199,0,239.4553,263.8376,0.0,995.7447,교육용 가상 매핑(원본은 익명화 신호)
SIG_489,CHAMBER,챔버,압력,Torr,0.0153,1314,0,352.6165,252.0438,0.0,997.5186,교육용 가상 매핑(원본은 익명화 신호)
SIG_490,RF,RF전원,반사전력,W,0.0153,1344,0,272.1697,228.0467,0.0,994.0035,교육용 가상 매핑(원본은 익명화 신호)
SIG_491,VACUUM,진공,게이트밸브개도,%,0.0006,1562,0,51.354,18.0486,13.7225,142.8436,교육용 가상 매핑(원본은 익명화 신호)
SIG_492,GAS_MFC,가스공급,라인압력,psi,0.0077,472,0,2.4427,1.2243,0.5558,12.7698,교육용 가상 매핑(원본은 익명화 신호)
SIG_493,ESC,정전척,척전압,V,0.8558,226,0,8.1709,1.7593,4.8882,21.0443,교육용 가상 매핑(원본은 익명화 신호)
SIG_494,THERMAL,온도제어,쿨런트온도,degC,0.0,572,0,2.53,0.9739,0.833,9.4024,교육용 가상 매핑(원본은 익명화 신호)
SIG_495,TRANSFER,이송,진공척흡착,kPa,0.0,894,0,0.9564,6.6152,0.0342,127.5728,교육용 가상 매핑(원본은 익명화 신호)
SIG_496,METRO,계측,표면조도,nm,0.0,964,0,6.8078,3.26,1.772,107.6926,교육용 가상 매핑(원본은 익명화 신호)
SIG_497,CHAMBER,챔버,압력,Torr,0.0325,1510,0,29.8659,24.6216,4.8135,219.6436,교육용 가상 매핑(원본은 익명화 신호)
SIG_498,RF,RF전원,반사전력,W,0.0325,1509,0,11.821,4.9566,1.9496,40.2818,교육용 가상 매핑(원본은 익명화 신호)
SIG_499,VACUUM,진공,게이트밸브개도,%,0.0038,1,1,0.0,0.0,0.0,0.0,교육용 가상 매핑(원본은 익명화 신호)
SIG_500,GAS_MFC,가스공급,라인압력,psi,0.0013,703,0,263.1959,324.7713,0.0,1000.0,교육용 가상 매핑(원본은 익명화 신호)
SIG_501,ESC,정전척,척전압,V,0.0013,648,0,240.9814,323.0034,0.0,999.2337,교육용 가상 매핑(원본은 익명화 신호)
SIG_502,THERMAL,온도제어,쿨런트온도,degC,0.0038,1,1,0.0,0.0,0.0,0.0,교육용 가상 매핑(원본은 익명화 신호)
SIG_503,TRANSFER,이송,진공척흡착,kPa,0.0038,1,1,0.0,0.0,0.0,0.0,교육용 가상 매핑(원본은 익명화 신호)
SIG_504,METRO,계측,표면조도,nm,0.0038,1,1,0.0,0.0,0.0,0.0,교육용 가상 매핑(원본은 익명화 신호)
SIG_505,CHAMBER,챔버,압력,Torr,0.0038,1,1,0.0,0.0,0.0,0.0,교육용 가상 매핑(원본은 익명화 신호)
SIG_506,RF,RF전원,반사전력,W,0.0038,1,1,0.0,0.0,0.0,0.0,교육용 가상 매핑(원본은 익명화 신호)
SIG_507,VACUUM,진공,게이트밸브개도,%,0.0038,1,1,0.0,0.0,0.0,0.0,교육용 가상 매핑(원본은 익명화 신호)
SIG_508,GAS_MFC,가스공급,라인압력,psi,0.0038,1,1,0.0,0.0,0.0,0.0,교육용 가상 매핑(원본은 익명화 신호)
SIG_509,ESC,정전척,척전압,V,0.0038,1,1,0.0,0.0,0.0,0.0,교육용 가상 매핑(원본은 익명화 신호)
SIG_510,THERMAL,온도제어,쿨런트온도,degC,0.0038,1,1,0.0,0.0,0.0,0.0,교육용 가상 매핑(원본은 익명화 신호)
SIG_511,TRANSFER,이송,진공척흡착,kPa,0.0013,1498,0,55.7635,37.6917,0.0,451.4851,교육용 가상 매핑(원본은 익명화 신호)
SIG_512,METRO,계측,표면조도,nm,0.0013,586,0,275.9795,329.6647,0.0,1000.0,교육용 가상 매핑(원본은 익명화 신호)
SIG_513,CHAMBER,챔버,압력,Torr,0.0038,1,1,0.0,0.0,0.0,0.0,교육용 가상 매핑(원본은 익명화 신호)
SIG_514,RF,RF전원,반사전력,W,0.0038,1,1,0.0,0.0,0.0,0.0,교육용 가상 매핑(원본은 익명화 신호)
SIG_515,VACUUM,진공,게이트밸브개도,%,0.0038,1,1,0.0,0.0,0.0,0.0,교육용 가상 매핑(원본은 익명화 신호)
SIG_516,GAS_MFC,가스공급,라인압력,psi,0.0038,1,1,0.0,0.0,0.0,0.0,교육용 가상 매핑(원본은 익명화 신호)
SIG_517,ESC,정전척,척전압,V,0.6496,498,0,0.6789,10.7839,0.0287,252.8604,교육용 가상 매핑(원본은 익명화 신호)
SIG_518,THERMAL,온도제어,쿨런트온도,degC,0.6496,543,0,1.7389,4.8907,0.288,113.2758,교육용 가상 매핑(원본은 익명화 신호)
SIG_519,TRANSFER,이송,진공척흡착,kPa,0.6496,542,0,1.8063,4.7159,0.4674,111.3495,교육용 가상 매핑(원본은 익명화 신호)
SIG_520,METRO,계측,표면조도,nm,0.4563,836,0,11.7284,15.8144,0.0,184.3488,교육용 가상 매핑(원본은 익명화 신호)
SIG_521,CHAMBER,챔버,압력,Torr,0.0,1536,0,2.696,5.7024,0.3121,111.7365,교육용 가상 매핑(원본은 익명화 신호)
SIG_522,RF,RF전원,반사전력,W,0.0,9,0,11.6101,103.123,0.0,1000.0,교육용 가상 매핑(원본은 익명화 신호)
SIG_523,VACUUM,진공,게이트밸브개도,%,0.0,1562,0,14.7289,7.1044,2.6811,137.9838,교육용 가상 매핑(원본은 익명화 신호)
SIG_524,GAS_MFC,가스공급,라인압력,psi,0.0,1040,0,0.4539,4.1476,0.0258,111.333,교육용 가상 매핑(원본은 익명화 신호)
SIG_525,ESC,정전척,척전압,V,0.0,1543,0,5.6878,20.6634,1.3104,818.0005,교육용 가상 매핑(원본은 익명화 신호)
SIG_526,THERMAL,온도제어,쿨런트온도,degC,0.0153,1526,0,5.5604,3.9204,1.54,80.0406,교육용 가상 매핑(원본은 익명화 신호)
SIG_527,TRANSFER,이송,진공척흡착,kPa,0.0,1514,0,1.4435,0.9584,0.1705,8.2037,교육용 가상 매핑(원본은 익명화 신호)
SIG_528,METRO,계측,표면조도,nm,0.0,1549,0,6.3957,1.8887,2.17,14.4479,교육용 가상 매핑(원본은 익명화 신호)
SIG_529,CHAMBER,챔버,압력,Torr,0.0057,1,1,0.0,0.0,0.0,0.0,교육용 가상 매핑(원본은 익명화 신호)
SIG_530,RF,RF전원,반사전력,W,0.0057,1,1,0.0,0.0,0.0,0.0,교육용 가상 매핑(원본은 익명화 신호)
SIG_531,VACUUM,진공,게이트밸브개도,%,0.0057,1,1,0.0,0.0,0.0,0.0,교육용 가상 매핑(원본은 익명화 신호)
SIG_532,GAS_MFC,가스공급,라인압력,psi,0.0057,1,1,0.0,0.0,0.0,0.0,교육용 가상 매핑(원본은 익명화 신호)
SIG_533,ESC,정전척,척전압,V,0.0057,1,1,0.0,0.0,0.0,0.0,교육용 가상 매핑(원본은 익명화 신호)
SIG_534,THERMAL,온도제어,쿨런트온도,degC,0.0057,1,1,0.0,0.0,0.0,0.0,교육용 가상 매핑(원본은 익명화 신호)
SIG_535,TRANSFER,이송,진공척흡착,kPa,0.0057,1,1,0.0,0.0,0.0,0.0,교육용 가상 매핑(원본은 익명화 신호)
SIG_536,METRO,계측,표면조도,nm,0.0057,1,1,0.0,0.0,0.0,0.0,교육용 가상 매핑(원본은 익명화 신호)
SIG_537,CHAMBER,챔버,압력,Torr,0.0057,1,1,0.0,0.0,0.0,0.0,교육용 가상 매핑(원본은 익명화 신호)
SIG_538,RF,RF전원,반사전력,W,0.0057,1,1,0.0,0.0,0.0,0.0,교육용 가상 매핑(원본은 익명화 신호)
SIG_539,VACUUM,진공,게이트밸브개도,%,0.0057,1,1,0.0,0.0,0.0,0.0,교육용 가상 매핑(원본은 익명화 신호)
SIG_540,GAS_MFC,가스공급,라인압력,psi,0.0051,333,0,3.0342,1.2529,0.8516,6.5803,교육용 가상 매핑(원본은 익명화 신호)
SIG_541,ESC,정전척,척전압,V,0.0051,336,0,1.9428,0.7319,0.6144,4.0825,교육용 가상 매핑(원본은 익명화 신호)
SIG_542,THERMAL,온도제어,쿨런트온도,degC,0.0051,336,0,9.6116,2.8964,3.2761,25.7792,교육용 가상 매핑(원본은 익명화 신호)
SIG_543,TRANSFER,이송,진공척흡착,kPa,0.0013,102,0,0.1112,0.0027,0.1053,0.1184,교육용 가상 매핑(원본은 익명화 신호)
SIG_544,METRO,계측,표면조도,nm,0.0013,71,0,0.0085,0.0015,0.0051,0.024,교육용 가상 매핑(원본은 익명화 신호)
SIG_545,CHAMBER,챔버,압력,Torr,0.0013,21,0,0.0025,0.0003,0.0016,0.0047,교육용 가상 매핑(원본은 익명화 신호)
SIG_546,RF,RF전원,반사전력,W,0.0013,273,0,7.6114,1.3155,4.4294,21.0443,교육용 가상 매핑(원본은 익명화 신호)
SIG_547,VACUUM,진공,게이트밸브개도,%,0.1659,1047,0,1.0396,0.3891,0.4444,3.9786,교육용 가상 매핑(원본은 익명화 신호)
SIG_548,GAS_MFC,가스공급,라인압력,psi,0.1659,1023,0,403.5465,5.0639,372.822,421.702,교육용 가상 매핑(원본은 익명화 신호)
SIG_549,ESC,정전척,척전압,V,0.1659,964,0,75.6799,3.3905,71.038,83.72,교육용 가상 매핑(원본은 익명화 신호)
SIG_550,THERMAL,온도제어,쿨런트온도,degC,0.1659,1048,0,0.6633,0.6733,0.0446,7.0656,교육용 가상 매핑(원본은 익명화 신호)
SIG_551,TRANSFER,이송,진공척흡착,kPa,0.1659,747,0,17.0133,4.967,6.11,131.68,교육용 가상 매핑(원본은 익명화 신호)
SIG_552,METRO,계측,표면조도,nm,0.1659,213,0,1.2307,1.3611,0.12,39.33,교육용 가상 매핑(원본은 익명화 신호)
SIG_553,CHAMBER,챔버,압력,Torr,0.1659,973,0,0.2767,0.2762,0.0187,2.7182,교육용 가상 매핑(원본은 익명화 신호)
SIG_554,RF,RF전원,반사전력,W,0.1659,1077,0,7.7039,2.1926,2.786,56.9303,교육용 가상 매핑(원본은 익명화 신호)
SIG_555,VACUUM,진공,게이트밸브개도,%,0.1659,1000,0,0.5037,0.5989,0.052,17.4781,교육용 가상 매핑(원본은 익명화 신호)
SIG_556,GAS_MFC,가스공급,라인압력,psi,0.1659,1085,0,57.7465,35.2076,4.8269,303.55,교육용 가상 매핑(원본은 익명화 신호)
SIG_557,ESC,정전척,척전압,V,0.1659,1070,0,4.2169,1.28,1.4967,35.3198,교육용 가상 매핑(원본은 익명화 신호)
SIG_558,THERMAL,온도제어,쿨런트온도,degC,0.1659,1062,0,1.6231,1.8704,0.1646,54.2917,교육용 가상 매핑(원본은 익명화 신호)
SIG_559,TRANSFER,이송,진공척흡착,kPa,0.0006,365,0,0.995,0.0839,0.8919,1.5121,교육용 가상 매핑(원본은 익명화 신호)
SIG_560,METRO,계측,표면조도,nm,0.0006,399,0,0.3257,0.2014,0.0699,1.0737,교육용 가상 매핑(원본은 익명화 신호)
SIG_561,CHAMBER,챔버,압력,Torr,0.0006,345,0,0.0724,0.0516,0.0177,0.4457,교육용 가상 매핑(원본은 익명화 신호)
SIG_562,RF,RF전원,반사전력,W,0.0006,414,0,32.285,19.0261,7.2369,101.1146,교육용 가상 매핑(원본은 익명화 신호)
SIG_563,VACUUM,진공,게이트밸브개도,%,0.1742,873,0,262.7297,7.6306,242.286,311.404,교육용 가상 매핑(원본은 익명화 신호)
SIG_564,GAS_MFC,가스공급,라인압력,psi,0.1742,785,0,0.6796,0.1218,0.3049,1.2988,교육용 가상 매핑(원본은 익명화 신호)
SIG_565,ESC,정전척,척전압,V,0.1742,581,0,6.445,2.6336,0.97,32.58,교육용 가상 매핑(원본은 익명화 신호)
SIG_566,THERMAL,온도제어,쿨런트온도,degC,0.1742,753,0,0.1456,0.0811,0.0224,0.6892,교육용 가상 매핑(원본은 익명화 신호)
SIG_567,TRANSFER,이송,진공척흡착,kPa,0.1742,887,0,2.6109,1.0328,0.4122,14.0141,교육용 가상 매핑(원본은 익명화 신호)
SIG_568,METRO,계측,표면조도,nm,0.1742,619,0,0.0601,0.0328,0.0091,0.2932,교육용 가상 매핑(원본은 익명화 신호)
SIG_569,CHAMBER,챔버,압력,Torr,0.1742,887,0,2.4524,0.9966,0.3706,12.7462,교육용 가상 매핑(원본은 익명화 신호)
SIG_570,RF,RF전원,반사전력,W,0.1742,897,0,21.1177,10.2133,3.2504,84.8024,교육용 가상 매핑(원본은 익명화 신호)
SIG_571,VACUUM,진공,게이트밸브개도,%,0.0,814,0,530.5236,17.4997,317.1964,589.5082,교육용 가상 매핑(원본은 익명화 신호)
SIG_572,GAS_MFC,가스공급,라인압력,psi,0.0,811,0,2.1018,0.2751,0.9802,2.7395,교육용 가상 매핑(원본은 익명화 신호)
SIG_573,ESC,정전척,척전압,V,0.0,518,0,28.4502,86.3047,3.54,454.56,교육용 가상 매핑(원본은 익명화 신호)
SIG_574,THERMAL,온도제어,쿨런트온도,degC,0.0,754,0,0.3456,0.2485,0.0667,2.1967,교육용 가상 매핑(원본은 익명화 신호)
SIG_575,TRANSFER,이송,진공척흡착,kPa,0.0,830,0,9.1623,26.9202,1.0395,170.0204,교육용 가상 매핑(원본은 익명화 신호)
SIG_576,METRO,계측,표면조도,nm,0.0,599,0,0.1047,0.0678,0.023,0.5502,교육용 가상 매핑(원본은 익명화 신호)
SIG_577,CHAMBER,챔버,압력,Torr,0.0,820,0,5.5637,16.9214,0.6636,90.4235,교육용 가상 매핑(원본은 익명화 신호)
SIG_578,RF,RF전원,반사전력,W,0.0,851,0,16.6424,12.4853,4.582,96.9601,교육용 가상 매핑(원본은 익명화 신호)
SIG_579,VACUUM,진공,게이트밸브개도,%,0.6056,322,0,0.0216,0.0117,-0.0169,0.1028,교육용 가상 매핑(원본은 익명화 신호)
SIG_580,GAS_MFC,가스공급,라인압력,psi,0.6056,260,0,0.0168,0.0096,0.0032,0.0799,교육용 가상 매핑(원본은 익명화 신호)
SIG_581,ESC,정전척,척전압,V,0.6056,120,0,0.0054,0.0031,0.001,0.0286,교육용 가상 매핑(원본은 익명화 신호)
SIG_582,THERMAL,온도제어,쿨런트온도,degC,0.6056,611,0,97.9344,87.521,0.0,737.3048,교육용 가상 매핑(원본은 익명화 신호)
SIG_583,TRANSFER,이송,진공척흡착,kPa,0.0006,171,0,0.5001,0.0034,0.4778,0.5098,교육용 가상 매핑(원본은 익명화 신호)
SIG_584,METRO,계측,표면조도,nm,0.0006,227,0,0.0153,0.0172,0.006,0.4766,교육용 가상 매핑(원본은 익명화 신호)
SIG_585,CHAMBER,챔버,압력,Torr,0.0006,68,0,0.0038,0.0037,0.0017,0.1045,교육용 가상 매핑(원본은 익명화 신호)
SIG_586,RF,RF전원,반사전력,W,0.0006,1502,0,3.0678,3.578,1.1975,99.3032,교육용 가상 매핑(원본은 익명화 신호)
SIG_587,VACUUM,진공,게이트밸브개도,%,0.0006,322,0,0.0215,0.0124,-0.0169,0.1028,교육용 가상 매핑(원본은 익명화 신호)
SIG_588,GAS_MFC,가스공급,라인압력,psi,0.0006,260,0,0.0165,0.0088,0.0032,0.0799,교육용 가상 매핑(원본은 익명화 신호)
SIG_589,ESC,정전척,척전압,V,0.0006,120,0,0.0053,0.0029,0.001,0.0286,교육용 가상 매핑(원본은 익명화 신호)
SIG_590,THERMAL,온도제어,쿨런트온도,degC,0.0006,611,0,99.6701,93.8919,0.0,737.3048,교육용 가상 매핑(원본은 익명화 신호)
